{"modifiedDate":"2024-10-22T00:07:42Z","experimentIDs":["36A453B4-E93E-40B6-B860-EE58FA7184B9","BC994F2B-F738-45A2-B7F8-17027BDD8702"],"dataPathRelativeToProjectURL":"..\/Python%20Converter\/Training%20Data\/","version":"1.0","dataResult":{"dataAnalysis":{"classifierAnalysis":{"labelStats":{"Neutral":500,"Positive":35000,"Negative":35000}},"summary":{"classCount":3,"sampleCount":70500,"canUseValidation":1},"issues":[{"severity":"debug","description":"3 classes found, including Negative, Positive, Neutral"},{"description":"70500 texts found, automatically creating validation set","severity":"good"},{"severity":"debug","description":"Smallest class is \"Neutral\" with 500 texts"},{"severity":"debug","description":"Largest class is \"Negative\" with 35000 text"}],"objectDetectorAnalysis":{"details":{}}},"dataURL":"file:\/\/\/Volumes\/Aaronfononi\/Future\/Section%2026\/Twitter%20Sentiment%20ML%20Model\/Python%20Converter\/Training%20Data\/","dataSourceID":"F3A3F570-9DA0-42A2-8A65-F2F9EBED4C65","classesCount":3,"createdDate":"2024-10-21T23:34:50Z","itemsCount":70500},"preferredFilename":"Training Data","title":"Training Data","pathType":0,"createdDate":"2024-10-21T23:34:50Z","id":"F3A3F570-9DA0-42A2-8A65-F2F9EBED4C65","dataURL":"file:\/\/\/Volumes\/Aaronfononi\/Future\/Section%2026\/Twitter%20Sentiment%20ML%20Model\/Python%20Converter\/Training%20Data\/","activityEntities":["dataSourceCreated",[{"subtitle":"Training Data","createdDate":"2024-10-21T23:34:50Z","title":"Data Source Created","id":"FACD5C53-1DF5-4CD5-B1A5-186DF4D9BBAC","event":"dataSourceCreated"}],"dataSourceTrainingStarted",[{"subtitle":"TwitterSentimenta2 1","event":"dataSourceTrainingStarted","createdDate":"2024-10-21T23:35:47Z","title":"Used By","id":"CE9ECEFA-B418-4A8E-A4D2-A2635D3EA1BD"},{"title":"Used By","event":"dataSourceTrainingStarted","createdDate":"2024-10-21T23:39:54Z","id":"BF6C17A8-5A0A-483B-B488-8DED0A663CFC","subtitle":"TwitterSentimenta2 2"},{"title":"Used By","subtitle":"TwitterSentimenta2 2","event":"dataSourceTrainingStarted","createdDate":"2024-10-21T23:45:30Z","id":"1C827B89-3482-4EA8-8272-A5D62D2CDFDC"},{"createdDate":"2024-10-22T00:07:42Z","subtitle":"TwitterSentimenta2 2","title":"Used By","id":"B6D1BA78-586F-4631-A8E9-A1947C4E6DBA","event":"dataSourceTrainingStarted"}],"dataSourceMetrics",[{"event":"dataSourceMetrics","title":"Data Summary","subtitle":"3 Classes, 70,500 Items","id":"509695E2-B3B5-46B2-A511-E7352F39ACE4","createdDate":"2024-10-21T23:35:47Z"},{"title":"Data Summary","id":"0540161E-0EE7-4E2A-AF14-0244D4793F08","event":"dataSourceMetrics","createdDate":"2024-10-21T23:39:54Z","subtitle":"3 Classes, 70,500 Items"},{"id":"55CFE1C1-8410-4B98-85E6-71FF201D7B4D","subtitle":"3 Classes, 70,500 Items","event":"dataSourceMetrics","createdDate":"2024-10-21T23:45:30Z","title":"Data Summary"},{"event":"dataSourceMetrics","title":"Data Summary","subtitle":"3 Classes, 70,500 Items","createdDate":"2024-10-22T00:07:42Z","id":"6B0907B3-B882-452A-A005-C6E76A463620"}]]}