{"trainingEntity":{"dataResult":{"createdDate":"2024-10-21T23:39:04Z","dataSourceID":"F3A3F570-9DA0-42A2-8A65-F2F9EBED4C65","dataAnalysis":{"summary":{"sampleCount":70500,"canUseValidation":1,"classCount":3},"objectDetectorAnalysis":{"details":{}},"classifierAnalysis":{"labelStats":{"Neutral":500,"Positive":35000,"Negative":35000}},"issues":[{"severity":"debug","description":"3 classes found, including Negative, Positive, Neutral"},{"severity":"good","description":"70500 texts found, automatically creating validation set"},{"severity":"debug","description":"Smallest class is \"Neutral\" with 500 texts"},{"description":"Largest class is \"Negative\" with 35000 text","severity":"debug"}]},"dataURL":"file:\/\/\/Volumes\/Aaronfononi\/Future\/Section%2026\/Twitter%20Sentiment%20ML%20Model\/Python%20Converter\/Training%20Data\/","classesCount":3,"itemsCount":70500},"dataSourceID":"F3A3F570-9DA0-42A2-8A65-F2F9EBED4C65","analysedDataType":"datasource","checkpointMetrics":{},"error":{"code":1004,"domain":"composer.error.domain","errorType":"info","reason":"Training stopped without finishing"},"progress":[],"startTime":"2024-10-22T00:07:42Z","snapshottableCheckpoints":{},"featureExtractionCheckpointMayBeAvailable":false},"title":"TwitterSentimenta2 2","validationEntity":{"analysedDataType":"auto","dataResult":{"createdDate":"2024-10-21T23:39:04Z"}},"version":"1.0","preferredFilename":"TwitterSentimenta2 2","evaluationEntity":{"id":"f4c02006-9895-4016-821a-6e52328bb7c0","dataResult":{},"analysedDataType":"none"},"modelEntity":{"modifiedDate":"2024-10-21T23:39:04Z","preferredFilename":"","createdDate":"2024-10-21T23:39:04Z","title":"","experimentID":"BC994F2B-F738-45A2-B7F8-17027BDD8702","id":"2B645016-7959-4403-A85B-EE371B099E51","version":"1.0"},"modifiedDate":"2024-10-22T00:07:59Z","id":"BC994F2B-F738-45A2-B7F8-17027BDD8702","settingEntity":{"textClassifierCyrillicLanguage":"automatic","iterationCount":10,"styleTransferAlgorithmType":"image","handPoseClassifierAugmentations":[],"textClassifierLatin":"automatic","textClassifierCJKLanguage":"automatic","taskType":"textClassifier","algorithmType":"transferLearning","featureNames":[],"transferLearningEmbeddingType":"static","harVideoAugmentations":0,"textClassifierScript":"latin","seedType":"default","handActionClassifierAugmentations":[],"augmentations":[]},"createdDate":"2024-10-21T23:39:04Z","evaluationContainerEntity":{"trainingEvaluationEntity":{"createdDate":"2024-10-21T23:39:04Z","analysedDataType":"none","id":"ef72d9df-be69-47fe-a1ed-5666bdf3277f","dataResult":{"createdDate":"2024-10-21T23:39:04Z"}},"previewType":"textClassifier","evaluationEntities":[],"validationEvaluationEntity":{"id":"28f76cbb-b789-4ca2-b188-93aaee3ce5d9","dataResult":{"createdDate":"2024-10-21T23:39:04Z"},"analysedDataType":"auto","createdDate":"2024-10-21T23:39:04Z"},"createdDate":"2024-10-22T00:07:59Z","modifiedDate":"2024-10-22T00:07:59Z","testingEvaluationEntity":{"dataSourceID":"D0D1E98C-7AAB-4BF5-B5C1-25208611BE37","id":"179161d2-f0b0-43f4-90a4-33c3c36fc0b7","analysedDataType":"datasource","error":{"errorType":"error","reason":"There is no model available to be evaluated.","domain":"composer.error.domain","code":1000},"dataResult":{"itemsCount":30200,"dataAnalysis":{"issues":[{"severity":"debug","description":"3 classes found, including Positive, Negative, Neutral"},{"severity":"good","description":"30200 texts found, automatically creating validation set"},{"description":"Smallest class is \"Neutral\" with 200 texts","severity":"debug"},{"severity":"debug","description":"Largest class is \"Positive\" with 15000 text"}],"classifierAnalysis":{"labelStats":{"Positive":15000,"Neutral":200,"Negative":15000}},"summary":{"canUseValidation":1,"classCount":3,"sampleCount":30200},"objectDetectorAnalysis":{"details":{}}},"dataURL":"file:\/\/\/Volumes\/Aaronfononi\/Future\/Section%2026\/Twitter%20Sentiment%20ML%20Model\/Python%20Converter\/Testing%20Data\/","classesCount":3,"createdDate":"2024-10-21T23:39:04Z","dataSourceID":"D0D1E98C-7AAB-4BF5-B5C1-25208611BE37"},"createdDate":"2024-10-21T23:39:04Z"},"id":"9d51d6ab-3b07-485c-9a5d-090ff9d15926"},"activityEntities":["trainingStarted",[{"title":"Training Started","id":"32A52AD8-203B-40F1-9E37-5F707593442F","createdDate":"2024-10-21T23:39:54Z","subtitle":"10 iterations","event":"trainingStarted"},{"event":"trainingStarted","createdDate":"2024-10-21T23:45:30Z","title":"Training Started","subtitle":"10 iterations","id":"4F342E71-ABBA-4A84-9D03-5649B15943E6"},{"title":"Training Started","subtitle":"10 iterations","id":"F6A60AB8-F7FC-4339-B69C-3266801C1BD3","createdDate":"2024-10-22T00:07:42Z","event":"trainingStarted"}],"trainingCanceled",[{"createdDate":"2024-10-22T00:07:02Z","id":"7A817DC2-C982-4F9F-B253-776EFBD1B6CC","title":"Training Canceled","subtitle":"TwitterSentimenta2 2","event":"trainingCanceled"},{"createdDate":"2024-10-22T00:07:59Z","event":"trainingCanceled","id":"06B261F3-9DE1-4AD2-94BB-02134874E130","title":"Training Canceled","subtitle":"TwitterSentimenta2 2"}],"trainingDataAdded",[{"createdDate":"2024-10-21T23:39:11Z","id":"0213FD08-713A-4019-8978-2A8AF29C3D47","subtitle":"Training Data","event":"trainingDataAdded","title":"Training Data Added"}],"experimentCreated",[{"createdDate":"2024-10-21T23:39:04Z","event":"experimentCreated","subtitle":"TwitterSentimenta2 2","title":"Model Source Created","id":"2DB5BC9A-8FDF-4CDE-BBC5-9ED1D5914BCD"}]],"snapshotRole":{"withoutSnapshots":0},"state":"canceled","evaluationState":"uninitialized","contentDataResult":{"createdDate":"2024-10-21T23:39:04Z"}}