{"snapshotRole":{"withoutSnapshots":0},"evaluationContainerEntity":{"modifiedDate":"2024-10-21T23:36:15Z","validationEvaluationEntity":{"createdDate":"2024-10-21T22:47:02Z","evaluationResult":{"textClassifier":{"accuracy":0.7730496453900709,"statsByLabel":{"Positive":{"precisionRecall":{"success":{"recall":0.7795918367346939,"precision":0.7631278538812786}},"count":1715},"Negative":{"count":1794,"precisionRecall":{"success":{"recall":0.7675585284280937,"precision":0.7846153846153846}}},"Neutral":{"count":16,"precisionRecall":{"success":{"precision":0.6111111111111112,"recall":0.6875}}}},"confusionMatrix":[{"actual":"Negative","expected":"Negative","count":1377},{"actual":"Negative","expected":"Neutral","count":5},{"actual":"Negative","expected":"Positive","count":412},{"actual":"Neutral","expected":"Negative","count":2},{"expected":"Neutral","count":11,"actual":"Neutral"},{"expected":"Positive","count":3,"actual":"Neutral"},{"actual":"Positive","expected":"Negative","count":376},{"actual":"Positive","expected":"Neutral","count":2},{"count":1337,"expected":"Positive","actual":"Positive"}]}},"id":"ff88133b-7887-4d7c-8b42-9f1a1ea6ee3e","analysedDataType":"auto","dataResult":{"createdDate":"2024-10-21T23:34:50Z"}},"previewType":"textClassifier","id":"9ef6b54f-03ed-451a-9c8e-6f94404d468f","evaluationEntities":[],"createdDate":"2024-10-21T23:36:15Z","trainingEvaluationEntity":{"dataResult":{"classesCount":3,"dataSourceID":"F3A3F570-9DA0-42A2-8A65-F2F9EBED4C65","dataURL":"file:\/\/\/Volumes\/Aaronfononi\/Future\/Section%2026\/Twitter%20Sentiment%20ML%20Model\/Python%20Converter\/Training%20Data\/","createdDate":"2024-10-21T23:34:50Z","itemsCount":70500,"dataAnalysis":{"issues":[{"severity":"debug","description":"3 classes found, including Negative, Positive, Neutral"},{"description":"70500 texts found, automatically creating validation set","severity":"good"},{"severity":"debug","description":"Smallest class is \"Neutral\" with 500 texts"},{"severity":"debug","description":"Largest class is \"Negative\" with 35000 text"}],"objectDetectorAnalysis":{"details":{}},"classifierAnalysis":{"labelStats":{"Positive":35000,"Neutral":500,"Negative":35000}},"summary":{"classCount":3,"sampleCount":70500,"canUseValidation":1}}},"analysedDataType":"none","evaluationResult":{"textClassifier":{"statsByLabel":{"Positive":{"precisionRecall":{"success":{"precision":0.9121748053359088,"recall":0.9080366531470633}},"count":33285},"Negative":{"count":33206,"precisionRecall":{"success":{"recall":0.9124856953562609,"precision":0.9080828363353013}}},"Neutral":{"precisionRecall":{"success":{"recall":0.8223140495867769,"precision":0.8396624472573839}},"count":484}},"accuracy":0.9096229936543486,"confusionMatrix":[{"expected":"Negative","actual":"Negative","count":30300},{"actual":"Negative","expected":"Neutral","count":41},{"count":2865,"actual":"Negative","expected":"Positive"},{"expected":"Negative","count":41,"actual":"Neutral"},{"actual":"Neutral","expected":"Neutral","count":398},{"actual":"Neutral","count":45,"expected":"Positive"},{"count":3026,"expected":"Negative","actual":"Positive"},{"actual":"Positive","expected":"Neutral","count":35},{"expected":"Positive","count":30224,"actual":"Positive"}]}},"id":"d75b6ac1-9a17-4ce2-bf1e-779fbad9af2e","createdDate":"2024-10-21T22:47:02Z","dataSourceID":"F3A3F570-9DA0-42A2-8A65-F2F9EBED4C65"},"testingEvaluationEntity":{"accuracy":0.7574172185430463,"dataResult":{"dataURL":"file:\/\/\/Volumes\/Aaronfononi\/Future\/Section%2026\/Twitter%20Sentiment%20ML%20Model\/Python%20Converter\/Testing%20Data\/","createdDate":"2024-10-21T23:34:50Z","itemsCount":30200,"dataAnalysis":{"classifierAnalysis":{"labelStats":{"Positive":15000,"Negative":15000,"Neutral":200}},"objectDetectorAnalysis":{"details":{}},"issues":[{"description":"3 classes found, including Negative, Positive, Neutral","severity":"debug"},{"description":"30200 texts found, automatically creating validation set","severity":"good"},{"description":"Smallest class is \"Neutral\" with 200 texts","severity":"debug"},{"description":"Largest class is \"Negative\" with 15000 text","severity":"debug"}],"summary":{"canUseValidation":1,"sampleCount":30200,"classCount":3}},"dataSourceID":"D0D1E98C-7AAB-4BF5-B5C1-25208611BE37","classesCount":3},"analysedDataType":"datasource","finishTime":"2024-10-21T23:36:15Z","createdDate":"2024-10-21T22:47:02Z","startTime":"2024-10-21T23:36:08Z","id":"fecb0943-77d4-4be6-87dc-51ff544e15c5","evaluationResult":{"textClassifier":{"accuracy":0.7574172185430463,"statsByLabel":{"Negative":{"count":15000,"precisionRecall":{"success":{"recall":0.7506,"precision":0.7621852152721365}}},"Neutral":{"precisionRecall":{"success":{"precision":0.7166666666666667,"recall":0.645}},"count":200},"Positive":{"precisionRecall":{"success":{"precision":0.7532791185729276,"recall":0.7657333333333334}},"count":15000}}}},"dataSourceID":"D0D1E98C-7AAB-4BF5-B5C1-25208611BE37"}},"createdDate":"2024-10-21T22:47:02Z","id":"36A453B4-E93E-40B6-B860-EE58FA7184B9","state":"trained","trainingEntity":{"dataSourceID":"F3A3F570-9DA0-42A2-8A65-F2F9EBED4C65","dataResult":{"itemsCount":70500,"classesCount":3,"dataURL":"file:\/\/\/Volumes\/Aaronfononi\/Future\/Section%2026\/Twitter%20Sentiment%20ML%20Model\/Python%20Converter\/Training%20Data\/","dataAnalysis":{"summary":{"sampleCount":70500,"classCount":3,"canUseValidation":1},"classifierAnalysis":{"labelStats":{"Negative":35000,"Neutral":500,"Positive":35000}},"issues":[{"severity":"debug","description":"3 classes found, including Negative, Positive, Neutral"},{"severity":"good","description":"70500 texts found, automatically creating validation set"},{"description":"Smallest class is \"Neutral\" with 500 texts","severity":"debug"},{"severity":"debug","description":"Largest class is \"Negative\" with 35000 text"}],"objectDetectorAnalysis":{"details":{}}},"dataSourceID":"F3A3F570-9DA0-42A2-8A65-F2F9EBED4C65","createdDate":"2024-10-21T23:34:50Z"},"analysedDataType":"datasource","featureExtractionCheckpointMayBeAvailable":false,"validationAccuracy":0.7730496453900709,"trainingResults":{"textClassifier":{"confusionMatrix":[{"actual":"Negative","expected":"Negative","count":30300},{"expected":"Neutral","count":41,"actual":"Negative"},{"count":2865,"actual":"Negative","expected":"Positive"},{"actual":"Neutral","expected":"Negative","count":41},{"expected":"Neutral","actual":"Neutral","count":398},{"count":45,"actual":"Neutral","expected":"Positive"},{"expected":"Negative","count":3026,"actual":"Positive"},{"actual":"Positive","expected":"Neutral","count":35},{"actual":"Positive","expected":"Positive","count":30224}],"statsByLabel":{"Negative":{"precisionRecall":{"success":{"precision":0.9080828363353013,"recall":0.9124856953562609}},"count":33206},"Positive":{"count":33285,"precisionRecall":{"success":{"recall":0.9080366531470633,"precision":0.9121748053359088}}},"Neutral":{"precisionRecall":{"success":{"recall":0.8223140495867769,"precision":0.8396624472573839}},"count":484}},"accuracy":0.9096229936543486}},"startTime":"2024-10-21T23:35:47Z","validationResults":{"textClassifier":{"accuracy":0.7730496453900709,"statsByLabel":{"Negative":{"precisionRecall":{"success":{"precision":0.7846153846153846,"recall":0.7675585284280937}},"count":1794},"Neutral":{"count":16,"precisionRecall":{"success":{"recall":0.6875,"precision":0.6111111111111112}}},"Positive":{"count":1715,"precisionRecall":{"success":{"precision":0.7631278538812786,"recall":0.7795918367346939}}}},"confusionMatrix":[{"count":1377,"actual":"Negative","expected":"Negative"},{"count":5,"actual":"Negative","expected":"Neutral"},{"expected":"Positive","actual":"Negative","count":412},{"count":2,"expected":"Negative","actual":"Neutral"},{"actual":"Neutral","expected":"Neutral","count":11},{"count":3,"actual":"Neutral","expected":"Positive"},{"actual":"Positive","expected":"Negative","count":376},{"expected":"Neutral","count":2,"actual":"Positive"},{"count":1337,"actual":"Positive","expected":"Positive"}]}},"snapshottableCheckpoints":{},"progress":[{"count":1,"currentRowIndex":0,"tableIndex":1,"percentComplete":0,"tcTrainingColumnHeader":{"hasTraining":true,"hasValidation":false,"elapsedTime":0,"validationAccuracy":0,"remainingIterationCount":10,"trainingAccuracy":0.49579694867134094},"isLast":false,"tableDone":false},{"count":2,"tableIndex":1,"isLast":false,"tableDone":false,"percentComplete":0,"tcTrainingColumnHeader":{"hasTraining":true,"trainingAccuracy":0.7207465767860413,"validationAccuracy":0,"remainingIterationCount":9,"elapsedTime":0,"hasValidation":false},"currentRowIndex":0},{"currentRowIndex":0,"count":3,"percentComplete":0,"isLast":false,"tableIndex":1,"tableDone":false,"tcTrainingColumnHeader":{"remainingIterationCount":8,"hasValidation":false,"elapsedTime":0,"validationAccuracy":0,"hasTraining":true,"trainingAccuracy":0.7662859559059143}},{"tcTrainingColumnHeader":{"elapsedTime":0,"trainingAccuracy":0.7867861390113831,"hasValidation":false,"validationAccuracy":0,"remainingIterationCount":7,"hasTraining":true},"count":4,"isLast":false,"percentComplete":0,"currentRowIndex":0,"tableDone":false,"tableIndex":1},{"tableIndex":1,"percentComplete":0,"currentRowIndex":0,"tableDone":false,"count":5,"tcTrainingColumnHeader":{"remainingIterationCount":6,"hasTraining":true,"elapsedTime":0,"trainingAccuracy":0.7973273396492004,"validationAccuracy":0,"hasValidation":false},"isLast":false},{"tableDone":false,"count":6,"isLast":false,"currentRowIndex":0,"percentComplete":0,"tcTrainingColumnHeader":{"elapsedTime":0,"validationAccuracy":0,"remainingIterationCount":5,"trainingAccuracy":0.8245912790298462,"hasTraining":true,"hasValidation":false},"tableIndex":1},{"tableIndex":1,"tcTrainingColumnHeader":{"hasValidation":false,"trainingAccuracy":0.8564389944076538,"elapsedTime":0,"validationAccuracy":0,"remainingIterationCount":4,"hasTraining":true},"percentComplete":0,"isLast":false,"tableDone":false,"count":7,"currentRowIndex":0},{"currentRowIndex":0,"tcTrainingColumnHeader":{"hasTraining":true,"validationAccuracy":0,"remainingIterationCount":3,"elapsedTime":0,"trainingAccuracy":0.8700709342956543,"hasValidation":false},"tableDone":false,"isLast":false,"tableIndex":1,"count":8,"percentComplete":0},{"tcTrainingColumnHeader":{"hasTraining":true,"hasValidation":false,"elapsedTime":0,"trainingAccuracy":0.8913773894309998,"validationAccuracy":0,"remainingIterationCount":2},"tableDone":false,"count":9,"percentComplete":0,"isLast":false,"currentRowIndex":0,"tableIndex":1},{"currentRowIndex":0,"percentComplete":0,"count":10,"tableDone":true,"tableIndex":1,"isLast":false,"tcTrainingColumnHeader":{"trainingAccuracy":0.9054273962974548,"validationAccuracy":0,"hasValidation":false,"hasTraining":true,"elapsedTime":0,"remainingIterationCount":1}},{"currentRowIndex":0,"count":75,"tableDone":false,"tableIndex":0,"isLast":false,"percentComplete":0},{"tableDone":false,"percentComplete":0,"isLast":false,"count":175,"tableIndex":0,"currentRowIndex":0},{"percentComplete":0,"tableIndex":0,"currentRowIndex":0,"isLast":false,"tableDone":false,"count":275},{"percentComplete":0,"count":375,"isLast":false,"tableIndex":0,"tableDone":false,"currentRowIndex":0},{"tableIndex":0,"tableDone":false,"currentRowIndex":0,"isLast":false,"count":475,"percentComplete":0},{"isLast":false,"tableDone":false,"currentRowIndex":0,"count":575,"percentComplete":0,"tableIndex":0},{"count":675,"tableDone":false,"percentComplete":0,"isLast":false,"tableIndex":0,"currentRowIndex":0},{"currentRowIndex":0,"tableIndex":0,"isLast":false,"percentComplete":0,"count":775,"tableDone":false},{"count":875,"percentComplete":0,"tableDone":false,"tableIndex":0,"currentRowIndex":0,"isLast":false},{"count":975,"percentComplete":0,"isLast":false,"currentRowIndex":0,"tableIndex":0,"tableDone":false},{"count":1075,"isLast":false,"percentComplete":0,"tableDone":false,"currentRowIndex":0,"tableIndex":0},{"currentRowIndex":0,"percentComplete":0,"tableDone":false,"tableIndex":0,"isLast":false,"count":1175},{"isLast":false,"currentRowIndex":0,"count":1275,"percentComplete":0,"tableDone":false,"tableIndex":0},{"percentComplete":0,"isLast":false,"count":1375,"tableIndex":0,"tableDone":false,"currentRowIndex":0},{"currentRowIndex":0,"tableDone":false,"percentComplete":0,"isLast":false,"count":1475,"tableIndex":0},{"tableDone":false,"isLast":false,"currentRowIndex":0,"tableIndex":0,"count":1575,"percentComplete":0},{"count":1675,"percentComplete":0,"isLast":false,"currentRowIndex":0,"tableDone":false,"tableIndex":0},{"count":1775,"tableDone":false,"tableIndex":0,"percentComplete":0,"isLast":false,"currentRowIndex":0},{"count":1875,"tableIndex":0,"currentRowIndex":0,"percentComplete":0,"isLast":false,"tableDone":false},{"currentRowIndex":0,"count":1975,"tableDone":false,"percentComplete":0,"tableIndex":0,"isLast":false},{"tableIndex":0,"percentComplete":0,"isLast":false,"tableDone":false,"count":2075,"currentRowIndex":0},{"isLast":false,"count":2175,"percentComplete":0,"tableDone":false,"tableIndex":0,"currentRowIndex":0},{"percentComplete":0,"isLast":false,"tableDone":false,"currentRowIndex":0,"tableIndex":0,"count":2275},{"count":2375,"tableIndex":0,"tableDone":false,"currentRowIndex":0,"percentComplete":0,"isLast":false},{"count":2475,"tableIndex":0,"currentRowIndex":0,"isLast":false,"percentComplete":0,"tableDone":false},{"tableIndex":0,"count":2575,"percentComplete":0,"isLast":false,"currentRowIndex":0,"tableDone":false},{"count":2675,"tableIndex":0,"tableDone":false,"isLast":false,"percentComplete":0,"currentRowIndex":0},{"currentRowIndex":0,"isLast":false,"count":2775,"tableIndex":0,"percentComplete":0,"tableDone":false},{"tableDone":false,"isLast":false,"percentComplete":0,"count":2875,"tableIndex":0,"currentRowIndex":0},{"isLast":false,"percentComplete":0,"tableDone":false,"tableIndex":0,"currentRowIndex":0,"count":2975},{"count":3075,"percentComplete":0,"tableIndex":0,"currentRowIndex":0,"tableDone":false,"isLast":false},{"tableIndex":0,"currentRowIndex":0,"isLast":false,"tableDone":false,"count":3175,"percentComplete":0},{"tableIndex":0,"tableDone":false,"currentRowIndex":0,"percentComplete":0,"count":3275,"isLast":false},{"tableDone":false,"currentRowIndex":0,"isLast":false,"count":3375,"percentComplete":0,"tableIndex":0},{"tableIndex":0,"isLast":false,"currentRowIndex":0,"tableDone":false,"count":3475,"percentComplete":0},{"tableIndex":0,"count":3575,"percentComplete":0,"tableDone":false,"isLast":false,"currentRowIndex":0},{"tableDone":false,"tableIndex":0,"count":3675,"isLast":false,"percentComplete":0,"currentRowIndex":0},{"tableDone":false,"percentComplete":0,"currentRowIndex":0,"count":3775,"tableIndex":0,"isLast":false},{"currentRowIndex":0,"count":3875,"percentComplete":0,"tableDone":false,"isLast":false,"tableIndex":0},{"currentRowIndex":0,"isLast":false,"percentComplete":0,"count":3975,"tableDone":false,"tableIndex":0},{"tableIndex":0,"isLast":false,"count":4075,"tableDone":false,"percentComplete":0,"currentRowIndex":0},{"count":4175,"tableDone":false,"tableIndex":0,"isLast":false,"percentComplete":0,"currentRowIndex":0},{"isLast":false,"count":4275,"tableDone":false,"tableIndex":0,"currentRowIndex":0,"percentComplete":0},{"tableDone":false,"tableIndex":0,"count":4375,"currentRowIndex":0,"isLast":false,"percentComplete":0},{"tableDone":false,"isLast":false,"count":4475,"percentComplete":0,"currentRowIndex":0,"tableIndex":0},{"percentComplete":0,"isLast":false,"currentRowIndex":0,"count":4575,"tableDone":false,"tableIndex":0},{"tableIndex":0,"currentRowIndex":0,"count":4675,"percentComplete":0,"isLast":false,"tableDone":false},{"isLast":false,"tableIndex":0,"tableDone":false,"count":4775,"currentRowIndex":0,"percentComplete":0},{"count":4875,"percentComplete":0,"isLast":false,"tableDone":false,"tableIndex":0,"currentRowIndex":0},{"currentRowIndex":0,"percentComplete":0,"tableDone":false,"tableIndex":0,"isLast":false,"count":4975},{"isLast":false,"percentComplete":0,"tableDone":false,"currentRowIndex":0,"tableIndex":0,"count":5075},{"tableDone":false,"count":5175,"tableIndex":0,"percentComplete":0,"currentRowIndex":0,"isLast":false},{"count":5275,"percentComplete":0,"tableIndex":0,"currentRowIndex":0,"isLast":false,"tableDone":false},{"tableDone":false,"currentRowIndex":0,"percentComplete":0,"tableIndex":0,"isLast":false,"count":5375},{"currentRowIndex":0,"tableIndex":0,"tableDone":false,"isLast":false,"count":5475,"percentComplete":0},{"percentComplete":0,"tableDone":false,"count":5575,"isLast":false,"tableIndex":0,"currentRowIndex":0},{"currentRowIndex":0,"count":5675,"tableIndex":0,"percentComplete":0,"isLast":false,"tableDone":false},{"tableIndex":0,"percentComplete":0,"currentRowIndex":0,"isLast":false,"tableDone":false,"count":5775},{"isLast":false,"percentComplete":0,"tableIndex":0,"currentRowIndex":0,"tableDone":false,"count":5875},{"count":5975,"tableIndex":0,"currentRowIndex":0,"percentComplete":0,"tableDone":false,"isLast":false},{"currentRowIndex":0,"tableIndex":0,"percentComplete":0,"count":6075,"tableDone":false,"isLast":false},{"count":6175,"currentRowIndex":0,"percentComplete":0,"tableDone":false,"isLast":false,"tableIndex":0},{"tableDone":false,"percentComplete":0,"tableIndex":0,"count":6275,"currentRowIndex":0,"isLast":false},{"percentComplete":0,"isLast":false,"tableIndex":0,"tableDone":false,"currentRowIndex":0,"count":6375},{"count":6475,"percentComplete":0,"currentRowIndex":0,"tableDone":false,"isLast":false,"tableIndex":0},{"percentComplete":0,"tableIndex":0,"currentRowIndex":0,"tableDone":false,"isLast":false,"count":6575},{"tableDone":false,"tableIndex":0,"percentComplete":0,"currentRowIndex":0,"isLast":false,"count":6675},{"percentComplete":0,"isLast":false,"tableIndex":0,"currentRowIndex":0,"count":6775,"tableDone":false},{"currentRowIndex":0,"tableIndex":0,"count":6875,"isLast":false,"percentComplete":0,"tableDone":false},{"tableDone":false,"currentRowIndex":0,"tableIndex":0,"count":6975,"isLast":false,"percentComplete":0},{"isLast":false,"tableIndex":0,"tableDone":false,"count":7075,"currentRowIndex":0,"percentComplete":0},{"percentComplete":0,"currentRowIndex":0,"tableDone":false,"tableIndex":0,"isLast":false,"count":7175},{"currentRowIndex":0,"tableIndex":0,"tableDone":false,"isLast":false,"count":7275,"percentComplete":0},{"count":7375,"tableIndex":0,"tableDone":false,"isLast":false,"percentComplete":0,"currentRowIndex":0},{"count":7475,"isLast":false,"tableIndex":0,"tableDone":false,"percentComplete":0,"currentRowIndex":0},{"tableIndex":0,"currentRowIndex":0,"tableDone":false,"isLast":false,"count":7575,"percentComplete":0},{"tableIndex":0,"isLast":false,"tableDone":false,"currentRowIndex":0,"count":7675,"percentComplete":0},{"tableIndex":0,"currentRowIndex":0,"tableDone":false,"isLast":false,"percentComplete":0,"count":7775},{"percentComplete":0,"tableDone":false,"tableIndex":0,"currentRowIndex":0,"isLast":false,"count":7875},{"count":7975,"isLast":false,"currentRowIndex":0,"tableDone":false,"percentComplete":0,"tableIndex":0},{"currentRowIndex":0,"tableIndex":0,"isLast":false,"count":8075,"percentComplete":0,"tableDone":false},{"count":8175,"tableIndex":0,"percentComplete":0,"isLast":false,"currentRowIndex":0,"tableDone":false},{"tableIndex":0,"count":8275,"tableDone":false,"percentComplete":0,"currentRowIndex":0,"isLast":false},{"isLast":false,"count":8375,"tableIndex":0,"currentRowIndex":0,"percentComplete":0,"tableDone":false},{"tableIndex":0,"isLast":false,"tableDone":false,"percentComplete":0,"currentRowIndex":0,"count":8475},{"currentRowIndex":0,"tableIndex":0,"percentComplete":0,"tableDone":false,"count":8575,"isLast":false},{"currentRowIndex":0,"count":8675,"percentComplete":0,"tableIndex":0,"isLast":false,"tableDone":false},{"isLast":false,"percentComplete":0,"count":8775,"tableDone":false,"currentRowIndex":0,"tableIndex":0},{"currentRowIndex":0,"tableIndex":0,"tableDone":false,"isLast":false,"count":8875,"percentComplete":0},{"isLast":false,"count":8975,"currentRowIndex":0,"percentComplete":0,"tableIndex":0,"tableDone":false},{"tableDone":false,"count":9075,"tableIndex":0,"isLast":false,"percentComplete":0,"currentRowIndex":0},{"count":9175,"percentComplete":0,"tableIndex":0,"currentRowIndex":0,"tableDone":false,"isLast":false},{"tableDone":false,"isLast":false,"currentRowIndex":0,"percentComplete":0,"count":9275,"tableIndex":0},{"tableIndex":0,"isLast":false,"percentComplete":0,"currentRowIndex":0,"count":9375,"tableDone":false},{"count":9475,"isLast":false,"tableDone":false,"percentComplete":0,"tableIndex":0,"currentRowIndex":0},{"isLast":false,"currentRowIndex":0,"count":9575,"tableDone":false,"percentComplete":0,"tableIndex":0},{"tableDone":false,"isLast":false,"percentComplete":0,"currentRowIndex":0,"count":9675,"tableIndex":0},{"tableIndex":0,"currentRowIndex":0,"isLast":false,"percentComplete":0,"count":9775,"tableDone":false},{"percentComplete":0,"currentRowIndex":0,"tableDone":false,"tableIndex":0,"count":9875,"isLast":false},{"count":9975,"currentRowIndex":0,"percentComplete":0,"tableIndex":0,"tableDone":false,"isLast":false},{"tableIndex":0,"currentRowIndex":0,"isLast":false,"count":10075,"tableDone":false,"percentComplete":0},{"count":10175,"percentComplete":0,"tableDone":false,"currentRowIndex":0,"isLast":false,"tableIndex":0},{"currentRowIndex":0,"tableDone":false,"tableIndex":0,"isLast":false,"percentComplete":0,"count":10275},{"tableDone":false,"isLast":false,"currentRowIndex":0,"percentComplete":0,"tableIndex":0,"count":10375},{"tableIndex":0,"currentRowIndex":0,"count":10475,"isLast":false,"percentComplete":0,"tableDone":false},{"tableIndex":0,"count":10575,"tableDone":false,"currentRowIndex":0,"isLast":false,"percentComplete":0},{"percentComplete":0,"isLast":false,"tableIndex":0,"tableDone":false,"count":10675,"currentRowIndex":0},{"currentRowIndex":0,"count":10775,"percentComplete":0,"isLast":false,"tableIndex":0,"tableDone":false},{"count":10875,"tableDone":false,"percentComplete":0,"currentRowIndex":0,"isLast":false,"tableIndex":0},{"isLast":false,"percentComplete":0,"tableIndex":0,"tableDone":false,"currentRowIndex":0,"count":10975},{"tableIndex":0,"tableDone":false,"currentRowIndex":0,"isLast":false,"count":11075,"percentComplete":0},{"count":11175,"percentComplete":0,"currentRowIndex":0,"tableDone":false,"tableIndex":0,"isLast":false},{"isLast":false,"tableIndex":0,"percentComplete":0,"count":11275,"tableDone":false,"currentRowIndex":0},{"tableDone":false,"count":11375,"tableIndex":0,"currentRowIndex":0,"isLast":false,"percentComplete":0},{"currentRowIndex":0,"tableIndex":0,"tableDone":false,"isLast":false,"count":11475,"percentComplete":0},{"currentRowIndex":0,"tableDone":false,"isLast":false,"percentComplete":0,"tableIndex":0,"count":11575},{"isLast":false,"count":11675,"percentComplete":0,"tableDone":false,"currentRowIndex":0,"tableIndex":0},{"count":11775,"tableIndex":0,"isLast":false,"currentRowIndex":0,"tableDone":false,"percentComplete":0},{"isLast":false,"currentRowIndex":0,"count":11875,"tableDone":false,"percentComplete":0,"tableIndex":0},{"isLast":false,"count":11975,"tableIndex":0,"currentRowIndex":0,"tableDone":false,"percentComplete":0},{"tableDone":false,"tableIndex":0,"isLast":false,"count":12075,"percentComplete":0,"currentRowIndex":0},{"count":12175,"percentComplete":0,"tableDone":false,"currentRowIndex":0,"tableIndex":0,"isLast":false},{"tableIndex":0,"currentRowIndex":0,"count":12275,"percentComplete":0,"isLast":false,"tableDone":false},{"currentRowIndex":0,"tableIndex":0,"tableDone":false,"isLast":false,"count":12375,"percentComplete":0},{"tableDone":false,"tableIndex":0,"isLast":false,"currentRowIndex":0,"percentComplete":0,"count":12475},{"count":12575,"tableIndex":0,"percentComplete":0,"isLast":false,"tableDone":false,"currentRowIndex":0},{"tableIndex":0,"count":12675,"percentComplete":0,"tableDone":false,"isLast":false,"currentRowIndex":0},{"isLast":false,"percentComplete":0,"currentRowIndex":0,"tableIndex":0,"count":12775,"tableDone":false},{"isLast":false,"tableDone":false,"currentRowIndex":0,"percentComplete":0,"count":12875,"tableIndex":0},{"tableIndex":0,"tableDone":false,"currentRowIndex":0,"isLast":false,"count":12975,"percentComplete":0},{"count":13075,"tableDone":false,"tableIndex":0,"isLast":false,"currentRowIndex":0,"percentComplete":0},{"percentComplete":0,"currentRowIndex":0,"tableIndex":0,"isLast":false,"count":13175,"tableDone":false},{"isLast":false,"tableIndex":0,"tableDone":false,"count":13275,"percentComplete":0,"currentRowIndex":0},{"percentComplete":0,"tableDone":false,"tableIndex":0,"count":13375,"currentRowIndex":0,"isLast":false},{"count":13475,"percentComplete":0,"isLast":false,"currentRowIndex":0,"tableIndex":0,"tableDone":false},{"count":13575,"tableDone":false,"tableIndex":0,"isLast":false,"currentRowIndex":0,"percentComplete":0},{"tableDone":false,"count":13675,"isLast":false,"percentComplete":0,"currentRowIndex":0,"tableIndex":0},{"percentComplete":0,"currentRowIndex":0,"isLast":false,"count":13775,"tableIndex":0,"tableDone":false},{"tableIndex":0,"percentComplete":0,"tableDone":false,"count":13875,"currentRowIndex":0,"isLast":false},{"isLast":false,"count":13975,"currentRowIndex":0,"percentComplete":0,"tableDone":false,"tableIndex":0},{"isLast":false,"tableIndex":0,"tableDone":false,"percentComplete":0,"currentRowIndex":0,"count":14075},{"currentRowIndex":0,"count":14175,"isLast":false,"tableIndex":0,"tableDone":false,"percentComplete":0},{"tableDone":false,"tableIndex":0,"currentRowIndex":0,"percentComplete":0,"count":14275,"isLast":false},{"tableDone":false,"count":14375,"tableIndex":0,"currentRowIndex":0,"isLast":false,"percentComplete":0},{"count":14475,"percentComplete":0,"tableDone":false,"tableIndex":0,"currentRowIndex":0,"isLast":false},{"percentComplete":0,"currentRowIndex":0,"isLast":false,"tableIndex":0,"count":14575,"tableDone":false},{"tableIndex":0,"percentComplete":0,"currentRowIndex":0,"tableDone":false,"isLast":false,"count":14675},{"currentRowIndex":0,"tableDone":false,"tableIndex":0,"percentComplete":0,"count":14775,"isLast":false},{"percentComplete":0,"currentRowIndex":0,"tableIndex":0,"isLast":false,"tableDone":false,"count":14875},{"count":14975,"currentRowIndex":0,"tableDone":false,"tableIndex":0,"isLast":false,"percentComplete":0},{"tableDone":false,"isLast":false,"currentRowIndex":0,"tableIndex":0,"count":15075,"percentComplete":0},{"currentRowIndex":0,"tableIndex":0,"tableDone":false,"count":15175,"isLast":false,"percentComplete":0},{"tableIndex":0,"currentRowIndex":0,"count":15275,"percentComplete":0,"tableDone":false,"isLast":false},{"currentRowIndex":0,"isLast":false,"percentComplete":0,"count":15375,"tableDone":false,"tableIndex":0},{"tableDone":false,"percentComplete":0,"count":15475,"tableIndex":0,"currentRowIndex":0,"isLast":false},{"count":15575,"percentComplete":0,"tableDone":false,"tableIndex":0,"currentRowIndex":0,"isLast":false},{"percentComplete":0,"currentRowIndex":0,"tableDone":false,"tableIndex":0,"isLast":false,"count":15675},{"count":15775,"percentComplete":0,"isLast":false,"tableIndex":0,"tableDone":false,"currentRowIndex":0},{"count":15875,"percentComplete":0,"tableDone":false,"tableIndex":0,"currentRowIndex":0,"isLast":false},{"count":15975,"currentRowIndex":0,"isLast":false,"tableDone":false,"tableIndex":0,"percentComplete":0},{"count":16075,"tableDone":false,"tableIndex":0,"currentRowIndex":0,"isLast":false,"percentComplete":0},{"isLast":false,"tableDone":false,"count":16175,"tableIndex":0,"percentComplete":0,"currentRowIndex":0},{"currentRowIndex":0,"tableDone":false,"count":16275,"isLast":false,"tableIndex":0,"percentComplete":0},{"tableIndex":0,"percentComplete":0,"currentRowIndex":0,"isLast":false,"count":16375,"tableDone":false},{"tableIndex":0,"count":16475,"isLast":false,"tableDone":false,"currentRowIndex":0,"percentComplete":0},{"count":16575,"isLast":false,"currentRowIndex":0,"percentComplete":0,"tableIndex":0,"tableDone":false},{"tableIndex":0,"tableDone":false,"isLast":false,"percentComplete":0,"count":16675,"currentRowIndex":0},{"count":16775,"tableIndex":0,"percentComplete":0,"tableDone":false,"currentRowIndex":0,"isLast":false},{"isLast":false,"percentComplete":0,"tableDone":false,"count":16875,"currentRowIndex":0,"tableIndex":0},{"percentComplete":0,"tableDone":false,"tableIndex":0,"currentRowIndex":0,"isLast":false,"count":16975},{"currentRowIndex":0,"tableDone":false,"count":17075,"percentComplete":0,"tableIndex":0,"isLast":false},{"count":17175,"currentRowIndex":0,"tableDone":false,"tableIndex":0,"isLast":false,"percentComplete":0},{"tableDone":false,"count":17275,"currentRowIndex":0,"isLast":false,"tableIndex":0,"percentComplete":0},{"percentComplete":0,"currentRowIndex":0,"isLast":false,"count":17375,"tableDone":false,"tableIndex":0},{"isLast":false,"count":17475,"percentComplete":0,"tableIndex":0,"currentRowIndex":0,"tableDone":false},{"percentComplete":0,"tableDone":false,"isLast":false,"count":17575,"currentRowIndex":0,"tableIndex":0},{"currentRowIndex":0,"isLast":false,"percentComplete":0,"tableIndex":0,"count":17675,"tableDone":false},{"count":17775,"tableDone":false,"tableIndex":0,"currentRowIndex":0,"percentComplete":0,"isLast":false},{"tableDone":false,"tableIndex":0,"currentRowIndex":0,"isLast":false,"count":17875,"percentComplete":0},{"currentRowIndex":0,"isLast":false,"tableDone":false,"count":17975,"tableIndex":0,"percentComplete":0},{"currentRowIndex":0,"isLast":false,"count":18075,"tableIndex":0,"tableDone":false,"percentComplete":0},{"count":18175,"isLast":false,"percentComplete":0,"tableIndex":0,"currentRowIndex":0,"tableDone":false},{"percentComplete":0,"count":18275,"currentRowIndex":0,"tableIndex":0,"isLast":false,"tableDone":false},{"percentComplete":0,"count":18375,"tableIndex":0,"currentRowIndex":0,"isLast":false,"tableDone":false},{"isLast":false,"tableDone":false,"percentComplete":0,"tableIndex":0,"currentRowIndex":0,"count":18475},{"tableDone":false,"tableIndex":0,"currentRowIndex":0,"isLast":false,"percentComplete":0,"count":18575},{"tableDone":false,"isLast":false,"tableIndex":0,"percentComplete":0,"count":18675,"currentRowIndex":0},{"percentComplete":0,"isLast":false,"count":18775,"tableDone":false,"tableIndex":0,"currentRowIndex":0},{"isLast":false,"count":18875,"percentComplete":0,"tableDone":false,"currentRowIndex":0,"tableIndex":0},{"percentComplete":0,"currentRowIndex":0,"tableDone":false,"tableIndex":0,"isLast":false,"count":18975},{"isLast":false,"count":19075,"percentComplete":0,"tableDone":false,"tableIndex":0,"currentRowIndex":0},{"tableIndex":0,"isLast":false,"tableDone":false,"count":19175,"percentComplete":0,"currentRowIndex":0},{"percentComplete":0,"tableIndex":0,"currentRowIndex":0,"isLast":false,"count":19275,"tableDone":false},{"currentRowIndex":0,"tableIndex":0,"percentComplete":0,"tableDone":false,"isLast":false,"count":19375},{"currentRowIndex":0,"tableIndex":0,"percentComplete":0,"isLast":false,"count":19475,"tableDone":false},{"currentRowIndex":0,"tableDone":false,"tableIndex":0,"isLast":false,"count":19575,"percentComplete":0},{"tableIndex":0,"currentRowIndex":0,"count":19675,"tableDone":false,"isLast":false,"percentComplete":0},{"isLast":false,"tableIndex":0,"count":19775,"percentComplete":0,"tableDone":false,"currentRowIndex":0},{"tableDone":false,"tableIndex":0,"isLast":false,"currentRowIndex":0,"count":19875,"percentComplete":0},{"tableDone":false,"tableIndex":0,"currentRowIndex":0,"percentComplete":0,"isLast":false,"count":19975},{"count":20075,"isLast":false,"tableDone":false,"percentComplete":0,"currentRowIndex":0,"tableIndex":0},{"tableIndex":0,"currentRowIndex":0,"percentComplete":0,"count":20175,"isLast":false,"tableDone":false},{"isLast":false,"count":20275,"tableIndex":0,"percentComplete":0,"tableDone":false,"currentRowIndex":0},{"percentComplete":0,"currentRowIndex":0,"count":20375,"isLast":false,"tableIndex":0,"tableDone":false},{"isLast":false,"percentComplete":0,"count":20475,"tableDone":false,"currentRowIndex":0,"tableIndex":0},{"tableIndex":0,"isLast":false,"tableDone":false,"count":20575,"currentRowIndex":0,"percentComplete":0},{"tableDone":false,"tableIndex":0,"count":20675,"percentComplete":0,"currentRowIndex":0,"isLast":false},{"tableDone":false,"tableIndex":0,"percentComplete":0,"count":20775,"currentRowIndex":0,"isLast":false},{"tableDone":false,"tableIndex":0,"isLast":false,"count":20875,"percentComplete":0,"currentRowIndex":0},{"isLast":false,"tableDone":false,"tableIndex":0,"count":20975,"percentComplete":0,"currentRowIndex":0},{"currentRowIndex":0,"tableIndex":0,"isLast":false,"count":21075,"percentComplete":0,"tableDone":false},{"percentComplete":0,"count":21175,"currentRowIndex":0,"tableIndex":0,"isLast":false,"tableDone":false},{"isLast":false,"percentComplete":0,"tableIndex":0,"currentRowIndex":0,"count":21275,"tableDone":false},{"tableIndex":0,"tableDone":false,"count":21375,"percentComplete":0,"currentRowIndex":0,"isLast":false},{"tableIndex":0,"count":21475,"tableDone":false,"currentRowIndex":0,"percentComplete":0,"isLast":false},{"tableDone":false,"tableIndex":0,"currentRowIndex":0,"percentComplete":0,"count":21575,"isLast":false},{"percentComplete":0,"tableIndex":0,"currentRowIndex":0,"count":21675,"tableDone":false,"isLast":false},{"currentRowIndex":0,"percentComplete":0,"tableIndex":0,"isLast":false,"count":21775,"tableDone":false},{"currentRowIndex":0,"tableDone":false,"count":21875,"tableIndex":0,"percentComplete":0,"isLast":false},{"count":21975,"percentComplete":0,"currentRowIndex":0,"tableDone":false,"isLast":false,"tableIndex":0},{"percentComplete":0,"currentRowIndex":0,"tableDone":false,"isLast":false,"tableIndex":0,"count":22075},{"currentRowIndex":0,"isLast":false,"tableIndex":0,"tableDone":false,"count":22175,"percentComplete":0},{"count":22275,"isLast":false,"tableIndex":0,"percentComplete":0,"tableDone":false,"currentRowIndex":0},{"percentComplete":0,"tableIndex":0,"tableDone":false,"currentRowIndex":0,"isLast":false,"count":22375},{"count":22475,"isLast":false,"percentComplete":0,"tableIndex":0,"currentRowIndex":0,"tableDone":false},{"currentRowIndex":0,"percentComplete":0,"tableDone":false,"count":22575,"isLast":false,"tableIndex":0},{"currentRowIndex":0,"tableDone":false,"tableIndex":0,"isLast":false,"count":22675,"percentComplete":0},{"tableDone":false,"currentRowIndex":0,"count":22775,"isLast":false,"percentComplete":0,"tableIndex":0},{"tableDone":false,"percentComplete":0,"tableIndex":0,"isLast":false,"count":22875,"currentRowIndex":0},{"currentRowIndex":0,"percentComplete":0,"isLast":false,"count":22975,"tableDone":false,"tableIndex":0},{"isLast":false,"tableDone":false,"currentRowIndex":0,"percentComplete":0,"tableIndex":0,"count":23075},{"currentRowIndex":0,"count":23175,"tableIndex":0,"tableDone":false,"isLast":false,"percentComplete":0},{"isLast":false,"count":23275,"tableDone":false,"tableIndex":0,"currentRowIndex":0,"percentComplete":0},{"count":23375,"currentRowIndex":0,"isLast":false,"percentComplete":0,"tableIndex":0,"tableDone":false},{"percentComplete":0,"tableDone":false,"isLast":false,"currentRowIndex":0,"count":23475,"tableIndex":0},{"isLast":false,"count":23575,"percentComplete":0,"currentRowIndex":0,"tableDone":false,"tableIndex":0},{"percentComplete":0,"tableDone":false,"tableIndex":0,"currentRowIndex":0,"isLast":false,"count":23675},{"tableDone":false,"currentRowIndex":0,"count":23775,"tableIndex":0,"percentComplete":0,"isLast":false},{"tableIndex":0,"percentComplete":0,"tableDone":false,"currentRowIndex":0,"isLast":false,"count":23875},{"tableIndex":0,"isLast":false,"tableDone":false,"currentRowIndex":0,"count":23975,"percentComplete":0},{"count":24075,"currentRowIndex":0,"isLast":false,"percentComplete":0,"tableDone":false,"tableIndex":0},{"isLast":false,"tableIndex":0,"currentRowIndex":0,"tableDone":false,"count":24175,"percentComplete":0},{"tableIndex":0,"isLast":false,"count":24275,"percentComplete":0,"currentRowIndex":0,"tableDone":false},{"percentComplete":0,"isLast":false,"tableIndex":0,"currentRowIndex":0,"count":24375,"tableDone":false},{"tableDone":false,"count":24475,"isLast":false,"tableIndex":0,"percentComplete":0,"currentRowIndex":0},{"currentRowIndex":0,"isLast":false,"count":24575,"tableDone":false,"tableIndex":0,"percentComplete":0},{"tableIndex":0,"currentRowIndex":0,"isLast":false,"count":24675,"percentComplete":0,"tableDone":false},{"percentComplete":0,"tableDone":false,"tableIndex":0,"isLast":false,"currentRowIndex":0,"count":24775},{"count":24875,"percentComplete":0,"tableIndex":0,"currentRowIndex":0,"tableDone":false,"isLast":false},{"count":24975,"tableIndex":0,"percentComplete":0,"currentRowIndex":0,"tableDone":false,"isLast":false},{"currentRowIndex":0,"count":25075,"tableDone":false,"percentComplete":0,"tableIndex":0,"isLast":false},{"tableDone":false,"tableIndex":0,"percentComplete":0,"currentRowIndex":0,"count":25175,"isLast":false},{"tableIndex":0,"percentComplete":0,"tableDone":false,"isLast":false,"currentRowIndex":0,"count":25275},{"count":25375,"percentComplete":0,"isLast":false,"tableDone":false,"tableIndex":0,"currentRowIndex":0},{"count":25475,"tableIndex":0,"currentRowIndex":0,"percentComplete":0,"isLast":false,"tableDone":false},{"tableDone":false,"count":25575,"currentRowIndex":0,"percentComplete":0,"tableIndex":0,"isLast":false},{"currentRowIndex":0,"count":25675,"isLast":false,"percentComplete":0,"tableIndex":0,"tableDone":false},{"currentRowIndex":0,"tableIndex":0,"isLast":false,"count":25775,"tableDone":false,"percentComplete":0},{"isLast":false,"count":25875,"tableIndex":0,"percentComplete":0,"tableDone":false,"currentRowIndex":0},{"tableIndex":0,"count":25975,"tableDone":false,"percentComplete":0,"isLast":false,"currentRowIndex":0},{"isLast":false,"count":26075,"tableDone":false,"percentComplete":0,"tableIndex":0,"currentRowIndex":0},{"count":26175,"percentComplete":0,"tableDone":false,"tableIndex":0,"currentRowIndex":0,"isLast":false},{"count":26275,"percentComplete":0,"tableIndex":0,"tableDone":false,"currentRowIndex":0,"isLast":false},{"count":26375,"tableDone":false,"currentRowIndex":0,"isLast":false,"percentComplete":0,"tableIndex":0},{"tableIndex":0,"count":26475,"percentComplete":0,"tableDone":false,"currentRowIndex":0,"isLast":false},{"currentRowIndex":0,"tableDone":false,"percentComplete":0,"count":26575,"tableIndex":0,"isLast":false},{"tableIndex":0,"tableDone":false,"currentRowIndex":0,"percentComplete":0,"isLast":false,"count":26675},{"tableIndex":0,"isLast":false,"count":26775,"tableDone":false,"percentComplete":0,"currentRowIndex":0},{"isLast":false,"tableIndex":0,"count":26875,"percentComplete":0,"tableDone":false,"currentRowIndex":0},{"percentComplete":0,"tableIndex":0,"isLast":false,"tableDone":false,"currentRowIndex":0,"count":26975},{"isLast":false,"percentComplete":0,"tableDone":false,"count":27075,"tableIndex":0,"currentRowIndex":0},{"isLast":false,"tableIndex":0,"count":27175,"tableDone":false,"currentRowIndex":0,"percentComplete":0},{"percentComplete":0,"currentRowIndex":0,"tableIndex":0,"tableDone":false,"count":27275,"isLast":false},{"isLast":false,"tableIndex":0,"currentRowIndex":0,"percentComplete":0,"tableDone":false,"count":27375},{"count":27475,"tableDone":false,"percentComplete":0,"tableIndex":0,"isLast":false,"currentRowIndex":0},{"tableDone":false,"isLast":false,"currentRowIndex":0,"count":27575,"percentComplete":0,"tableIndex":0},{"percentComplete":0,"tableDone":false,"tableIndex":0,"currentRowIndex":0,"isLast":false,"count":27675},{"tableDone":false,"currentRowIndex":0,"percentComplete":0,"count":27775,"isLast":false,"tableIndex":0},{"count":27875,"tableIndex":0,"currentRowIndex":0,"isLast":false,"percentComplete":0,"tableDone":false},{"count":27975,"tableIndex":0,"currentRowIndex":0,"tableDone":false,"isLast":false,"percentComplete":0},{"count":28075,"tableIndex":0,"percentComplete":0,"currentRowIndex":0,"tableDone":false,"isLast":false},{"currentRowIndex":0,"isLast":false,"count":28175,"percentComplete":0,"tableDone":false,"tableIndex":0},{"tableDone":false,"tableIndex":0,"currentRowIndex":0,"isLast":false,"count":28275,"percentComplete":0},{"tableIndex":0,"isLast":false,"percentComplete":0,"currentRowIndex":0,"tableDone":false,"count":28375},{"isLast":false,"count":28475,"currentRowIndex":0,"tableIndex":0,"percentComplete":0,"tableDone":false},{"count":28575,"percentComplete":0,"tableDone":false,"isLast":false,"tableIndex":0,"currentRowIndex":0},{"currentRowIndex":0,"count":28675,"percentComplete":0,"tableDone":false,"tableIndex":0,"isLast":false},{"tableDone":false,"isLast":false,"count":28775,"tableIndex":0,"percentComplete":0,"currentRowIndex":0},{"count":28875,"percentComplete":0,"currentRowIndex":0,"tableDone":false,"tableIndex":0,"isLast":false},{"currentRowIndex":0,"isLast":false,"percentComplete":0,"tableIndex":0,"count":28975,"tableDone":false},{"tableDone":false,"isLast":false,"count":29075,"percentComplete":0,"tableIndex":0,"currentRowIndex":0},{"count":29175,"tableDone":false,"tableIndex":0,"currentRowIndex":0,"percentComplete":0,"isLast":false},{"isLast":false,"percentComplete":0,"currentRowIndex":0,"count":29275,"tableDone":false,"tableIndex":0},{"tableDone":false,"tableIndex":0,"currentRowIndex":0,"isLast":false,"count":29375,"percentComplete":0},{"tableIndex":0,"isLast":false,"currentRowIndex":0,"count":29475,"percentComplete":0,"tableDone":false},{"currentRowIndex":0,"isLast":false,"percentComplete":0,"tableDone":false,"count":29575,"tableIndex":0},{"currentRowIndex":0,"tableDone":false,"count":29675,"percentComplete":0,"tableIndex":0,"isLast":false},{"isLast":false,"percentComplete":0,"count":29775,"currentRowIndex":0,"tableIndex":0,"tableDone":false},{"percentComplete":0,"isLast":false,"tableDone":false,"tableIndex":0,"count":29875,"currentRowIndex":0},{"tableDone":false,"currentRowIndex":0,"count":29975,"tableIndex":0,"isLast":false,"percentComplete":0},{"tableDone":false,"currentRowIndex":0,"tableIndex":0,"isLast":false,"count":30075,"percentComplete":0},{"percentComplete":0,"tableDone":false,"tableIndex":0,"isLast":false,"count":30175,"currentRowIndex":0},{"tableDone":false,"percentComplete":0,"count":30275,"tableIndex":0,"isLast":false,"currentRowIndex":0},{"tableDone":false,"tableIndex":0,"currentRowIndex":0,"isLast":false,"count":30375,"percentComplete":0},{"count":30475,"percentComplete":0,"isLast":false,"tableDone":false,"tableIndex":0,"currentRowIndex":0},{"tableDone":false,"count":30575,"isLast":false,"tableIndex":0,"currentRowIndex":0,"percentComplete":0},{"percentComplete":0,"tableIndex":0,"currentRowIndex":0,"tableDone":false,"isLast":false,"count":30675},{"percentComplete":0,"tableDone":false,"count":30775,"isLast":false,"tableIndex":0,"currentRowIndex":0},{"isLast":false,"tableIndex":0,"count":30875,"tableDone":false,"percentComplete":0,"currentRowIndex":0},{"currentRowIndex":0,"tableIndex":0,"isLast":false,"count":30975,"tableDone":false,"percentComplete":0},{"percentComplete":0,"currentRowIndex":0,"isLast":false,"count":31075,"tableIndex":0,"tableDone":false},{"isLast":false,"count":31175,"currentRowIndex":0,"tableIndex":0,"percentComplete":0,"tableDone":false},{"percentComplete":0,"currentRowIndex":0,"count":31275,"tableIndex":0,"isLast":false,"tableDone":false},{"percentComplete":0,"isLast":false,"tableIndex":0,"currentRowIndex":0,"count":31375,"tableDone":false},{"currentRowIndex":0,"count":31475,"tableIndex":0,"tableDone":false,"isLast":false,"percentComplete":0},{"currentRowIndex":0,"tableIndex":0,"percentComplete":0,"count":31575,"isLast":false,"tableDone":false},{"isLast":false,"tableDone":false,"currentRowIndex":0,"count":31675,"percentComplete":0,"tableIndex":0},{"isLast":false,"count":31775,"currentRowIndex":0,"tableIndex":0,"tableDone":false,"percentComplete":0},{"isLast":false,"tableDone":false,"percentComplete":0,"currentRowIndex":0,"count":31875,"tableIndex":0},{"percentComplete":0,"tableDone":false,"currentRowIndex":0,"tableIndex":0,"isLast":false,"count":31975},{"tableDone":false,"isLast":false,"tableIndex":0,"count":32075,"percentComplete":0,"currentRowIndex":0},{"percentComplete":0,"tableDone":false,"tableIndex":0,"isLast":false,"count":32175,"currentRowIndex":0},{"tableIndex":0,"tableDone":false,"currentRowIndex":0,"isLast":false,"percentComplete":0,"count":32275},{"isLast":false,"tableDone":false,"tableIndex":0,"count":32375,"currentRowIndex":0,"percentComplete":0},{"isLast":false,"percentComplete":0,"tableIndex":0,"tableDone":false,"currentRowIndex":0,"count":32475},{"tableDone":false,"currentRowIndex":0,"percentComplete":0,"isLast":false,"count":32575,"tableIndex":0},{"isLast":false,"tableDone":false,"currentRowIndex":0,"percentComplete":0,"tableIndex":0,"count":32675},{"count":32775,"tableIndex":0,"percentComplete":0,"currentRowIndex":0,"isLast":false,"tableDone":false},{"tableDone":false,"tableIndex":0,"currentRowIndex":0,"count":32875,"isLast":false,"percentComplete":0},{"tableIndex":0,"percentComplete":0,"currentRowIndex":0,"count":32975,"isLast":false,"tableDone":false},{"count":33075,"percentComplete":0,"tableDone":false,"tableIndex":0,"currentRowIndex":0,"isLast":false},{"tableDone":false,"count":33175,"percentComplete":0,"tableIndex":0,"currentRowIndex":0,"isLast":false},{"percentComplete":0,"tableDone":false,"tableIndex":0,"currentRowIndex":0,"isLast":false,"count":33275},{"tableDone":false,"currentRowIndex":0,"tableIndex":0,"isLast":false,"percentComplete":0,"count":33375},{"count":33475,"tableDone":false,"tableIndex":0,"currentRowIndex":0,"isLast":false,"percentComplete":0},{"tableDone":false,"percentComplete":0,"currentRowIndex":0,"tableIndex":0,"count":33575,"isLast":false},{"isLast":false,"currentRowIndex":0,"count":33675,"percentComplete":0,"tableDone":false,"tableIndex":0},{"percentComplete":0,"tableDone":false,"tableIndex":0,"count":33775,"currentRowIndex":0,"isLast":false},{"count":33875,"percentComplete":0,"tableDone":false,"isLast":false,"tableIndex":0,"currentRowIndex":0},{"isLast":false,"tableIndex":0,"tableDone":false,"currentRowIndex":0,"percentComplete":0,"count":33975},{"tableDone":false,"count":34075,"percentComplete":0,"currentRowIndex":0,"tableIndex":0,"isLast":false},{"tableDone":false,"isLast":false,"count":34175,"currentRowIndex":0,"percentComplete":0,"tableIndex":0},{"tableIndex":0,"tableDone":false,"percentComplete":0,"currentRowIndex":0,"isLast":false,"count":34275},{"count":34375,"isLast":false,"currentRowIndex":0,"tableDone":false,"percentComplete":0,"tableIndex":0},{"currentRowIndex":0,"count":34475,"isLast":false,"percentComplete":0,"tableDone":false,"tableIndex":0},{"currentRowIndex":0,"tableIndex":0,"isLast":false,"count":34575,"percentComplete":0,"tableDone":false},{"tableDone":false,"isLast":false,"count":34675,"tableIndex":0,"currentRowIndex":0,"percentComplete":0},{"isLast":false,"tableDone":false,"percentComplete":0,"tableIndex":0,"currentRowIndex":0,"count":34775},{"percentComplete":0,"tableIndex":0,"tableDone":false,"isLast":false,"currentRowIndex":0,"count":34875},{"count":34975,"tableDone":false,"percentComplete":0,"isLast":false,"tableIndex":0,"currentRowIndex":0},{"tableIndex":0,"tableDone":false,"count":35075,"currentRowIndex":0,"percentComplete":0,"isLast":false},{"currentRowIndex":0,"count":35175,"isLast":false,"percentComplete":0,"tableDone":false,"tableIndex":0},{"count":35275,"currentRowIndex":0,"tableDone":false,"percentComplete":0,"isLast":false,"tableIndex":0},{"tableDone":false,"currentRowIndex":0,"isLast":false,"count":35375,"percentComplete":0,"tableIndex":0},{"isLast":false,"percentComplete":0,"currentRowIndex":0,"tableDone":false,"count":35475,"tableIndex":0},{"isLast":false,"currentRowIndex":0,"count":35575,"tableDone":false,"percentComplete":0,"tableIndex":0},{"count":35675,"isLast":false,"currentRowIndex":0,"tableDone":false,"percentComplete":0,"tableIndex":0},{"currentRowIndex":0,"count":35775,"percentComplete":0,"isLast":false,"tableDone":false,"tableIndex":0},{"isLast":false,"tableIndex":0,"currentRowIndex":0,"percentComplete":0,"tableDone":false,"count":35875},{"percentComplete":0,"count":35975,"currentRowIndex":0,"tableDone":false,"tableIndex":0,"isLast":false},{"isLast":false,"tableIndex":0,"tableDone":false,"currentRowIndex":0,"count":36075,"percentComplete":0},{"percentComplete":0,"isLast":false,"tableDone":false,"tableIndex":0,"currentRowIndex":0,"count":36175},{"count":36275,"tableIndex":0,"isLast":false,"tableDone":false,"percentComplete":0,"currentRowIndex":0},{"tableDone":false,"count":36375,"tableIndex":0,"percentComplete":0,"currentRowIndex":0,"isLast":false},{"tableIndex":0,"isLast":false,"tableDone":false,"count":36475,"percentComplete":0,"currentRowIndex":0},{"isLast":false,"count":36575,"percentComplete":0,"currentRowIndex":0,"tableIndex":0,"tableDone":false},{"tableDone":false,"isLast":false,"tableIndex":0,"currentRowIndex":0,"percentComplete":0,"count":36675},{"isLast":false,"tableDone":false,"currentRowIndex":0,"count":36775,"tableIndex":0,"percentComplete":0},{"tableIndex":0,"tableDone":false,"percentComplete":0,"isLast":false,"count":36875,"currentRowIndex":0},{"isLast":false,"currentRowIndex":0,"percentComplete":0,"count":36975,"tableDone":false,"tableIndex":0},{"percentComplete":0,"tableDone":false,"currentRowIndex":0,"count":37075,"tableIndex":0,"isLast":false},{"currentRowIndex":0,"tableDone":false,"isLast":false,"tableIndex":0,"count":37175,"percentComplete":0},{"count":37275,"tableDone":false,"currentRowIndex":0,"tableIndex":0,"percentComplete":0,"isLast":false},{"tableDone":false,"isLast":false,"percentComplete":0,"tableIndex":0,"count":37375,"currentRowIndex":0},{"tableDone":false,"tableIndex":0,"isLast":false,"count":37475,"percentComplete":0,"currentRowIndex":0},{"percentComplete":0,"tableIndex":0,"count":37575,"tableDone":false,"currentRowIndex":0,"isLast":false},{"tableIndex":0,"count":37675,"tableDone":false,"isLast":false,"currentRowIndex":0,"percentComplete":0},{"tableDone":false,"currentRowIndex":0,"percentComplete":0,"isLast":false,"tableIndex":0,"count":37775},{"percentComplete":0,"currentRowIndex":0,"count":37875,"tableDone":false,"isLast":false,"tableIndex":0},{"count":37975,"currentRowIndex":0,"tableIndex":0,"isLast":false,"percentComplete":0,"tableDone":false},{"isLast":false,"count":38075,"percentComplete":0,"currentRowIndex":0,"tableIndex":0,"tableDone":false},{"tableIndex":0,"count":38175,"currentRowIndex":0,"tableDone":false,"isLast":false,"percentComplete":0},{"tableIndex":0,"isLast":false,"tableDone":false,"currentRowIndex":0,"count":38275,"percentComplete":0},{"currentRowIndex":0,"tableDone":false,"isLast":false,"tableIndex":0,"count":38375,"percentComplete":0},{"tableDone":false,"percentComplete":0,"tableIndex":0,"currentRowIndex":0,"isLast":false,"count":38475},{"tableIndex":0,"count":38575,"isLast":false,"currentRowIndex":0,"tableDone":false,"percentComplete":0},{"tableDone":false,"tableIndex":0,"currentRowIndex":0,"isLast":false,"count":38675,"percentComplete":0},{"tableDone":false,"percentComplete":0,"tableIndex":0,"count":38775,"currentRowIndex":0,"isLast":false},{"isLast":false,"percentComplete":0,"currentRowIndex":0,"count":38875,"tableIndex":0,"tableDone":false},{"tableIndex":0,"currentRowIndex":0,"count":38975,"isLast":false,"percentComplete":0,"tableDone":false},{"count":39075,"currentRowIndex":0,"tableDone":false,"isLast":false,"percentComplete":0,"tableIndex":0},{"tableIndex":0,"currentRowIndex":0,"count":39175,"percentComplete":0,"isLast":false,"tableDone":false},{"isLast":false,"percentComplete":0,"currentRowIndex":0,"tableDone":false,"count":39275,"tableIndex":0},{"currentRowIndex":0,"isLast":false,"tableDone":false,"count":39375,"percentComplete":0,"tableIndex":0},{"isLast":false,"count":39475,"tableDone":false,"tableIndex":0,"percentComplete":0,"currentRowIndex":0},{"tableDone":false,"tableIndex":0,"isLast":false,"count":39575,"currentRowIndex":0,"percentComplete":0},{"percentComplete":0,"count":39675,"isLast":false,"tableIndex":0,"currentRowIndex":0,"tableDone":false},{"tableDone":false,"tableIndex":0,"percentComplete":0,"isLast":false,"count":39775,"currentRowIndex":0},{"isLast":false,"percentComplete":0,"currentRowIndex":0,"tableDone":false,"tableIndex":0,"count":39875},{"currentRowIndex":0,"isLast":false,"tableDone":false,"tableIndex":0,"count":39975,"percentComplete":0},{"currentRowIndex":0,"tableDone":false,"tableIndex":0,"percentComplete":0,"isLast":false,"count":40075},{"isLast":false,"count":40175,"tableDone":false,"percentComplete":0,"tableIndex":0,"currentRowIndex":0},{"tableDone":false,"isLast":false,"tableIndex":0,"currentRowIndex":0,"count":40275,"percentComplete":0},{"currentRowIndex":0,"tableIndex":0,"isLast":false,"count":40375,"percentComplete":0,"tableDone":false},{"currentRowIndex":0,"count":40475,"isLast":false,"tableIndex":0,"tableDone":false,"percentComplete":0},{"percentComplete":0,"isLast":false,"tableIndex":0,"currentRowIndex":0,"tableDone":false,"count":40575},{"currentRowIndex":0,"tableIndex":0,"isLast":false,"count":40675,"tableDone":false,"percentComplete":0},{"tableIndex":0,"currentRowIndex":0,"percentComplete":0,"tableDone":false,"isLast":false,"count":40775},{"count":40875,"percentComplete":0,"isLast":false,"tableDone":false,"tableIndex":0,"currentRowIndex":0},{"count":40975,"percentComplete":0,"isLast":false,"tableDone":false,"tableIndex":0,"currentRowIndex":0},{"isLast":false,"percentComplete":0,"count":41075,"tableIndex":0,"currentRowIndex":0,"tableDone":false},{"tableDone":false,"tableIndex":0,"isLast":false,"currentRowIndex":0,"percentComplete":0,"count":41175},{"currentRowIndex":0,"tableDone":false,"isLast":false,"count":41275,"percentComplete":0,"tableIndex":0},{"tableIndex":0,"count":41375,"currentRowIndex":0,"isLast":false,"tableDone":false,"percentComplete":0},{"currentRowIndex":0,"isLast":false,"count":41475,"tableDone":false,"percentComplete":0,"tableIndex":0},{"isLast":false,"percentComplete":0,"currentRowIndex":0,"count":41575,"tableDone":false,"tableIndex":0},{"count":41675,"tableDone":false,"isLast":false,"currentRowIndex":0,"tableIndex":0,"percentComplete":0},{"isLast":false,"count":41775,"tableDone":false,"currentRowIndex":0,"percentComplete":0,"tableIndex":0},{"isLast":false,"tableIndex":0,"tableDone":false,"currentRowIndex":0,"count":41875,"percentComplete":0},{"tableDone":false,"isLast":false,"tableIndex":0,"count":41975,"percentComplete":0,"currentRowIndex":0},{"count":42075,"tableIndex":0,"currentRowIndex":0,"isLast":false,"percentComplete":0,"tableDone":false},{"percentComplete":0,"count":42175,"currentRowIndex":0,"tableIndex":0,"isLast":false,"tableDone":false},{"percentComplete":0,"tableIndex":0,"currentRowIndex":0,"isLast":false,"tableDone":false,"count":42275},{"tableDone":false,"percentComplete":0,"count":42375,"currentRowIndex":0,"isLast":false,"tableIndex":0},{"tableDone":false,"isLast":false,"count":42475,"currentRowIndex":0,"percentComplete":0,"tableIndex":0},{"tableDone":false,"currentRowIndex":0,"isLast":false,"count":42575,"percentComplete":0,"tableIndex":0},{"currentRowIndex":0,"count":42675,"isLast":false,"percentComplete":0,"tableDone":false,"tableIndex":0},{"percentComplete":0,"currentRowIndex":0,"count":42775,"isLast":false,"tableIndex":0,"tableDone":false},{"currentRowIndex":0,"percentComplete":0,"tableDone":false,"tableIndex":0,"isLast":false,"count":42875},{"count":42975,"currentRowIndex":0,"percentComplete":0,"tableDone":false,"tableIndex":0,"isLast":false},{"tableIndex":0,"percentComplete":0,"isLast":false,"count":43075,"currentRowIndex":0,"tableDone":false},{"tableDone":false,"tableIndex":0,"isLast":false,"count":43175,"percentComplete":0,"currentRowIndex":0},{"currentRowIndex":0,"tableIndex":0,"tableDone":false,"isLast":false,"count":43275,"percentComplete":0},{"isLast":false,"count":43375,"tableIndex":0,"percentComplete":0,"tableDone":false,"currentRowIndex":0},{"tableDone":false,"isLast":false,"count":43475,"currentRowIndex":0,"tableIndex":0,"percentComplete":0},{"count":43575,"percentComplete":0,"tableIndex":0,"currentRowIndex":0,"isLast":false,"tableDone":false},{"tableIndex":0,"count":43675,"currentRowIndex":0,"percentComplete":0,"isLast":false,"tableDone":false},{"isLast":false,"tableDone":false,"count":43775,"currentRowIndex":0,"percentComplete":0,"tableIndex":0},{"currentRowIndex":0,"tableIndex":0,"isLast":false,"percentComplete":0,"count":43875,"tableDone":false},{"count":43975,"isLast":false,"percentComplete":0,"tableIndex":0,"currentRowIndex":0,"tableDone":false},{"tableIndex":0,"count":44075,"percentComplete":0,"currentRowIndex":0,"tableDone":false,"isLast":false},{"count":44175,"isLast":false,"tableDone":false,"percentComplete":0,"tableIndex":0,"currentRowIndex":0},{"tableIndex":0,"isLast":false,"count":44275,"percentComplete":0,"currentRowIndex":0,"tableDone":false},{"tableIndex":0,"tableDone":false,"currentRowIndex":0,"isLast":false,"count":44375,"percentComplete":0},{"tableDone":false,"percentComplete":0,"isLast":false,"count":44475,"tableIndex":0,"currentRowIndex":0},{"percentComplete":0,"tableDone":false,"tableIndex":0,"currentRowIndex":0,"isLast":false,"count":44575},{"isLast":false,"percentComplete":0,"count":44675,"tableDone":false,"tableIndex":0,"currentRowIndex":0},{"tableIndex":0,"currentRowIndex":0,"percentComplete":0,"isLast":false,"tableDone":false,"count":44775},{"percentComplete":0,"tableIndex":0,"tableDone":false,"currentRowIndex":0,"isLast":false,"count":44875},{"currentRowIndex":0,"isLast":false,"count":44975,"percentComplete":0,"tableIndex":0,"tableDone":false},{"tableDone":false,"percentComplete":0,"isLast":false,"currentRowIndex":0,"count":45075,"tableIndex":0},{"tableDone":false,"count":45175,"isLast":false,"currentRowIndex":0,"percentComplete":0,"tableIndex":0},{"tableIndex":0,"isLast":false,"currentRowIndex":0,"count":45275,"percentComplete":0,"tableDone":false},{"tableIndex":0,"currentRowIndex":0,"tableDone":false,"count":45375,"percentComplete":0,"isLast":false},{"tableIndex":0,"currentRowIndex":0,"isLast":false,"percentComplete":0,"count":45475,"tableDone":false},{"currentRowIndex":0,"count":45575,"tableDone":false,"tableIndex":0,"isLast":false,"percentComplete":0},{"isLast":false,"percentComplete":0,"currentRowIndex":0,"count":45675,"tableIndex":0,"tableDone":false},{"tableDone":false,"isLast":false,"tableIndex":0,"count":45775,"currentRowIndex":0,"percentComplete":0},{"count":45875,"percentComplete":0,"isLast":false,"currentRowIndex":0,"tableDone":false,"tableIndex":0},{"percentComplete":0,"tableIndex":0,"currentRowIndex":0,"tableDone":false,"isLast":false,"count":45975},{"percentComplete":0,"currentRowIndex":0,"isLast":false,"count":46075,"tableDone":false,"tableIndex":0},{"count":46175,"percentComplete":0,"tableIndex":0,"isLast":false,"tableDone":false,"currentRowIndex":0},{"tableDone":false,"tableIndex":0,"count":46275,"isLast":false,"percentComplete":0,"currentRowIndex":0},{"isLast":false,"count":46375,"percentComplete":0,"tableDone":false,"tableIndex":0,"currentRowIndex":0},{"isLast":false,"percentComplete":0,"count":46475,"tableDone":false,"tableIndex":0,"currentRowIndex":0},{"currentRowIndex":0,"tableDone":false,"tableIndex":0,"count":46575,"percentComplete":0,"isLast":false},{"tableIndex":0,"percentComplete":0,"count":46675,"currentRowIndex":0,"tableDone":false,"isLast":false},{"tableIndex":0,"percentComplete":0,"isLast":false,"count":46775,"currentRowIndex":0,"tableDone":false},{"tableIndex":0,"currentRowIndex":0,"tableDone":false,"isLast":false,"count":46875,"percentComplete":0},{"tableIndex":0,"currentRowIndex":0,"count":46975,"percentComplete":0,"isLast":false,"tableDone":false},{"tableDone":false,"count":47075,"isLast":false,"currentRowIndex":0,"percentComplete":0,"tableIndex":0},{"tableIndex":0,"isLast":false,"tableDone":false,"count":47175,"percentComplete":0,"currentRowIndex":0},{"isLast":false,"tableDone":false,"tableIndex":0,"currentRowIndex":0,"count":47275,"percentComplete":0},{"isLast":false,"tableIndex":0,"count":47375,"tableDone":false,"percentComplete":0,"currentRowIndex":0},{"tableDone":false,"currentRowIndex":0,"tableIndex":0,"isLast":false,"count":47475,"percentComplete":0},{"currentRowIndex":0,"count":47575,"percentComplete":0,"isLast":false,"tableDone":false,"tableIndex":0},{"percentComplete":0,"currentRowIndex":0,"tableDone":false,"count":47675,"tableIndex":0,"isLast":false},{"tableIndex":0,"percentComplete":0,"count":47775,"currentRowIndex":0,"isLast":false,"tableDone":false},{"tableDone":false,"tableIndex":0,"currentRowIndex":0,"isLast":false,"count":47875,"percentComplete":0},{"currentRowIndex":0,"isLast":false,"count":47975,"tableDone":false,"tableIndex":0,"percentComplete":0},{"isLast":false,"tableIndex":0,"currentRowIndex":0,"count":48075,"tableDone":false,"percentComplete":0},{"percentComplete":0,"tableIndex":0,"tableDone":false,"currentRowIndex":0,"isLast":false,"count":48175},{"tableIndex":0,"tableDone":false,"currentRowIndex":0,"isLast":false,"count":48275,"percentComplete":0},{"percentComplete":0,"tableIndex":0,"currentRowIndex":0,"tableDone":false,"count":48375,"isLast":false},{"percentComplete":0,"tableDone":false,"tableIndex":0,"currentRowIndex":0,"isLast":false,"count":48475},{"tableDone":false,"tableIndex":0,"currentRowIndex":0,"isLast":false,"count":48575,"percentComplete":0},{"isLast":false,"tableDone":false,"count":48675,"percentComplete":0,"tableIndex":0,"currentRowIndex":0},{"tableDone":false,"tableIndex":0,"currentRowIndex":0,"count":48775,"percentComplete":0,"isLast":false},{"tableIndex":0,"percentComplete":0,"isLast":false,"currentRowIndex":0,"count":48875,"tableDone":false},{"tableDone":false,"tableIndex":0,"currentRowIndex":0,"percentComplete":0,"count":48975,"isLast":false},{"percentComplete":0,"count":49075,"tableDone":false,"tableIndex":0,"currentRowIndex":0,"isLast":false},{"percentComplete":0,"tableIndex":0,"currentRowIndex":0,"tableDone":false,"isLast":false,"count":49175},{"count":49275,"currentRowIndex":0,"isLast":false,"tableDone":false,"percentComplete":0,"tableIndex":0},{"isLast":false,"tableDone":false,"count":49375,"percentComplete":0,"tableIndex":0,"currentRowIndex":0},{"tableIndex":0,"tableDone":false,"currentRowIndex":0,"isLast":false,"count":49475,"percentComplete":0},{"isLast":false,"currentRowIndex":0,"tableDone":false,"percentComplete":0,"count":49575,"tableIndex":0},{"count":49675,"percentComplete":0,"isLast":false,"tableIndex":0,"currentRowIndex":0,"tableDone":false},{"isLast":false,"currentRowIndex":0,"tableDone":false,"percentComplete":0,"tableIndex":0,"count":49775},{"tableDone":false,"tableIndex":0,"isLast":false,"currentRowIndex":0,"count":49875,"percentComplete":0},{"tableDone":false,"tableIndex":0,"isLast":false,"count":49975,"currentRowIndex":0,"percentComplete":0},{"tableDone":false,"tableIndex":0,"isLast":false,"count":50075,"currentRowIndex":0,"percentComplete":0},{"percentComplete":0,"tableDone":false,"currentRowIndex":0,"tableIndex":0,"isLast":false,"count":50175},{"isLast":false,"tableDone":false,"count":50275,"tableIndex":0,"currentRowIndex":0,"percentComplete":0},{"tableIndex":0,"isLast":false,"percentComplete":0,"currentRowIndex":0,"count":50375,"tableDone":false},{"tableIndex":0,"isLast":false,"percentComplete":0,"tableDone":false,"currentRowIndex":0,"count":50475},{"isLast":false,"tableDone":false,"count":50575,"percentComplete":0,"currentRowIndex":0,"tableIndex":0},{"count":50675,"currentRowIndex":0,"isLast":false,"tableIndex":0,"tableDone":false,"percentComplete":0},{"tableDone":false,"currentRowIndex":0,"isLast":false,"percentComplete":0,"count":50775,"tableIndex":0},{"count":50875,"currentRowIndex":0,"percentComplete":0,"tableIndex":0,"tableDone":false,"isLast":false},{"isLast":false,"count":50975,"percentComplete":0,"tableIndex":0,"tableDone":false,"currentRowIndex":0},{"percentComplete":0,"tableDone":false,"currentRowIndex":0,"tableIndex":0,"isLast":false,"count":51075},{"isLast":false,"tableIndex":0,"percentComplete":0,"count":51175,"currentRowIndex":0,"tableDone":false},{"isLast":false,"tableDone":false,"tableIndex":0,"count":51275,"percentComplete":0,"currentRowIndex":0},{"tableIndex":0,"isLast":false,"tableDone":false,"currentRowIndex":0,"count":51375,"percentComplete":0},{"percentComplete":0,"tableDone":false,"isLast":false,"count":51475,"tableIndex":0,"currentRowIndex":0},{"tableDone":false,"tableIndex":0,"currentRowIndex":0,"isLast":false,"count":51575,"percentComplete":0},{"isLast":false,"count":51675,"percentComplete":0,"tableIndex":0,"tableDone":false,"currentRowIndex":0},{"isLast":false,"count":51775,"percentComplete":0,"tableDone":false,"tableIndex":0,"currentRowIndex":0},{"tableIndex":0,"count":51875,"currentRowIndex":0,"tableDone":false,"isLast":false,"percentComplete":0},{"currentRowIndex":0,"isLast":false,"percentComplete":0,"count":51975,"tableDone":false,"tableIndex":0},{"tableDone":false,"tableIndex":0,"currentRowIndex":0,"percentComplete":0,"isLast":false,"count":52075},{"count":52175,"percentComplete":0,"isLast":false,"tableDone":false,"currentRowIndex":0,"tableIndex":0},{"percentComplete":0,"count":52275,"tableDone":false,"currentRowIndex":0,"isLast":false,"tableIndex":0},{"count":52375,"tableDone":false,"currentRowIndex":0,"tableIndex":0,"isLast":false,"percentComplete":0},{"percentComplete":0,"currentRowIndex":0,"tableDone":false,"isLast":false,"count":52475,"tableIndex":0},{"currentRowIndex":0,"tableIndex":0,"isLast":false,"tableDone":false,"count":52575,"percentComplete":0},{"tableIndex":0,"count":52675,"percentComplete":0,"currentRowIndex":0,"isLast":false,"tableDone":false},{"percentComplete":0,"tableIndex":0,"currentRowIndex":0,"isLast":false,"tableDone":false,"count":52775},{"tableIndex":0,"tableDone":false,"currentRowIndex":0,"percentComplete":0,"count":52875,"isLast":false},{"tableDone":false,"percentComplete":0,"currentRowIndex":0,"tableIndex":0,"isLast":false,"count":52975},{"tableIndex":0,"percentComplete":0,"tableDone":false,"currentRowIndex":0,"isLast":false,"count":53075},{"percentComplete":0,"tableDone":false,"isLast":false,"tableIndex":0,"count":53175,"currentRowIndex":0},{"count":53275,"tableDone":false,"tableIndex":0,"percentComplete":0,"currentRowIndex":0,"isLast":false},{"tableDone":false,"currentRowIndex":0,"tableIndex":0,"isLast":false,"count":53375,"percentComplete":0},{"currentRowIndex":0,"isLast":false,"percentComplete":0,"count":53475,"tableDone":false,"tableIndex":0},{"percentComplete":0,"isLast":false,"tableIndex":0,"currentRowIndex":0,"tableDone":false,"count":53575},{"isLast":false,"tableIndex":0,"currentRowIndex":0,"count":53675,"tableDone":false,"percentComplete":0},{"tableDone":false,"count":53775,"currentRowIndex":0,"isLast":false,"percentComplete":0,"tableIndex":0},{"tableDone":false,"percentComplete":0,"currentRowIndex":0,"count":53875,"isLast":false,"tableIndex":0},{"count":53975,"tableIndex":0,"percentComplete":0,"isLast":false,"tableDone":false,"currentRowIndex":0},{"percentComplete":0,"currentRowIndex":0,"tableDone":false,"tableIndex":0,"isLast":false,"count":54075},{"count":54175,"percentComplete":0,"tableIndex":0,"currentRowIndex":0,"isLast":false,"tableDone":false},{"currentRowIndex":0,"tableIndex":0,"tableDone":false,"isLast":false,"percentComplete":0,"count":54275},{"isLast":false,"tableIndex":0,"currentRowIndex":0,"count":54375,"tableDone":false,"percentComplete":0},{"currentRowIndex":0,"tableDone":false,"tableIndex":0,"isLast":false,"count":54475,"percentComplete":0},{"tableDone":false,"percentComplete":0,"currentRowIndex":0,"isLast":false,"count":54575,"tableIndex":0},{"count":54675,"percentComplete":0,"tableDone":false,"tableIndex":0,"isLast":false,"currentRowIndex":0},{"currentRowIndex":0,"tableDone":false,"isLast":false,"tableIndex":0,"count":54775,"percentComplete":0},{"currentRowIndex":0,"tableDone":false,"isLast":false,"tableIndex":0,"count":54875,"percentComplete":0},{"currentRowIndex":0,"count":54975,"tableDone":false,"tableIndex":0,"percentComplete":0,"isLast":false},{"tableDone":false,"tableIndex":0,"percentComplete":0,"currentRowIndex":0,"isLast":false,"count":55075},{"count":55175,"percentComplete":0,"tableDone":false,"currentRowIndex":0,"isLast":false,"tableIndex":0},{"tableIndex":0,"isLast":false,"count":55275,"percentComplete":0,"tableDone":false,"currentRowIndex":0},{"tableDone":false,"tableIndex":0,"currentRowIndex":0,"isLast":false,"count":55375,"percentComplete":0},{"tableIndex":0,"isLast":false,"percentComplete":0,"tableDone":false,"currentRowIndex":0,"count":55475},{"tableIndex":0,"currentRowIndex":0,"isLast":false,"tableDone":false,"count":55575,"percentComplete":0},{"count":55675,"currentRowIndex":0,"percentComplete":0,"tableIndex":0,"tableDone":false,"isLast":false},{"currentRowIndex":0,"isLast":false,"percentComplete":0,"tableDone":false,"tableIndex":0,"count":55775},{"tableIndex":0,"currentRowIndex":0,"tableDone":false,"isLast":false,"count":55875,"percentComplete":0},{"count":55975,"isLast":false,"tableIndex":0,"currentRowIndex":0,"tableDone":false,"percentComplete":0},{"currentRowIndex":0,"count":56075,"tableIndex":0,"percentComplete":0,"isLast":false,"tableDone":false},{"tableDone":false,"tableIndex":0,"count":56175,"percentComplete":0,"isLast":false,"currentRowIndex":0},{"tableDone":false,"tableIndex":0,"isLast":false,"percentComplete":0,"currentRowIndex":0,"count":56275},{"isLast":false,"percentComplete":0,"count":56375,"tableDone":false,"tableIndex":0,"currentRowIndex":0},{"tableDone":false,"percentComplete":0,"tableIndex":0,"currentRowIndex":0,"isLast":false,"count":56475},{"percentComplete":0,"count":56575,"tableDone":false,"tableIndex":0,"currentRowIndex":0,"isLast":false},{"count":56675,"tableIndex":0,"currentRowIndex":0,"percentComplete":0,"isLast":false,"tableDone":false},{"tableDone":false,"isLast":false,"currentRowIndex":0,"count":56775,"tableIndex":0,"percentComplete":0},{"currentRowIndex":0,"tableDone":false,"percentComplete":0,"isLast":false,"count":56875,"tableIndex":0},{"tableIndex":0,"currentRowIndex":0,"isLast":false,"tableDone":false,"count":56975,"percentComplete":0},{"currentRowIndex":0,"isLast":false,"tableIndex":0,"count":57075,"percentComplete":0,"tableDone":false},{"percentComplete":0,"isLast":false,"tableIndex":0,"currentRowIndex":0,"tableDone":false,"count":57175},{"percentComplete":0,"isLast":false,"count":57275,"tableDone":false,"tableIndex":0,"currentRowIndex":0},{"tableDone":false,"tableIndex":0,"count":57375,"currentRowIndex":0,"percentComplete":0,"isLast":false},{"currentRowIndex":0,"count":57475,"percentComplete":0,"isLast":false,"tableIndex":0,"tableDone":false},{"currentRowIndex":0,"isLast":false,"tableDone":false,"tableIndex":0,"count":57575,"percentComplete":0},{"count":57675,"tableIndex":0,"currentRowIndex":0,"percentComplete":0,"isLast":false,"tableDone":false},{"currentRowIndex":0,"tableIndex":0,"count":57775,"tableDone":false,"percentComplete":0,"isLast":false},{"tableDone":false,"currentRowIndex":0,"percentComplete":0,"isLast":false,"count":57875,"tableIndex":0},{"tableIndex":0,"tableDone":false,"percentComplete":0,"currentRowIndex":0,"count":57975,"isLast":false},{"count":58075,"currentRowIndex":0,"tableDone":false,"percentComplete":0,"isLast":false,"tableIndex":0},{"tableIndex":0,"isLast":false,"count":58175,"currentRowIndex":0,"percentComplete":0,"tableDone":false},{"count":58275,"tableDone":false,"currentRowIndex":0,"percentComplete":0,"isLast":false,"tableIndex":0},{"percentComplete":0,"tableIndex":0,"tableDone":false,"isLast":false,"count":58375,"currentRowIndex":0},{"count":58475,"isLast":false,"percentComplete":0,"tableIndex":0,"tableDone":false,"currentRowIndex":0},{"count":58575,"tableDone":false,"currentRowIndex":0,"isLast":false,"percentComplete":0,"tableIndex":0},{"tableIndex":0,"count":58675,"isLast":false,"percentComplete":0,"tableDone":false,"currentRowIndex":0},{"tableIndex":0,"count":58775,"currentRowIndex":0,"tableDone":false,"isLast":false,"percentComplete":0},{"tableIndex":0,"isLast":false,"currentRowIndex":0,"tableDone":false,"count":58875,"percentComplete":0},{"percentComplete":0,"tableDone":false,"tableIndex":0,"currentRowIndex":0,"isLast":false,"count":58975},{"isLast":false,"percentComplete":0,"currentRowIndex":0,"tableDone":false,"count":59075,"tableIndex":0},{"count":59175,"tableDone":false,"percentComplete":0,"tableIndex":0,"currentRowIndex":0,"isLast":false},{"tableIndex":0,"count":59275,"isLast":false,"percentComplete":0,"currentRowIndex":0,"tableDone":false},{"isLast":false,"tableDone":false,"currentRowIndex":0,"tableIndex":0,"count":59375,"percentComplete":0},{"tableDone":false,"count":59475,"tableIndex":0,"currentRowIndex":0,"isLast":false,"percentComplete":0},{"tableDone":false,"count":59575,"percentComplete":0,"currentRowIndex":0,"tableIndex":0,"isLast":false},{"count":59675,"percentComplete":0,"tableIndex":0,"currentRowIndex":0,"tableDone":false,"isLast":false},{"isLast":false,"tableDone":false,"currentRowIndex":0,"count":59775,"percentComplete":0,"tableIndex":0},{"tableDone":false,"isLast":false,"percentComplete":0,"currentRowIndex":0,"count":59875,"tableIndex":0},{"count":59975,"tableIndex":0,"currentRowIndex":0,"tableDone":false,"isLast":false,"percentComplete":0},{"tableIndex":0,"count":60075,"isLast":false,"percentComplete":0,"tableDone":false,"currentRowIndex":0},{"currentRowIndex":0,"tableIndex":0,"count":60175,"percentComplete":0,"isLast":false,"tableDone":false},{"percentComplete":0,"tableIndex":0,"count":60275,"tableDone":false,"currentRowIndex":0,"isLast":false},{"percentComplete":0,"currentRowIndex":0,"tableIndex":0,"tableDone":false,"isLast":false,"count":60375},{"count":60475,"tableDone":false,"isLast":false,"percentComplete":0,"tableIndex":0,"currentRowIndex":0},{"tableIndex":0,"isLast":false,"currentRowIndex":0,"count":60575,"tableDone":false,"percentComplete":0},{"count":60675,"tableDone":false,"tableIndex":0,"currentRowIndex":0,"isLast":false,"percentComplete":0},{"currentRowIndex":0,"percentComplete":0,"tableIndex":0,"tableDone":false,"isLast":false,"count":60775},{"percentComplete":0,"count":60875,"tableIndex":0,"currentRowIndex":0,"tableDone":false,"isLast":false},{"percentComplete":0,"tableDone":false,"tableIndex":0,"isLast":false,"currentRowIndex":0,"count":60975},{"currentRowIndex":0,"isLast":false,"percentComplete":0,"count":61075,"tableDone":false,"tableIndex":0},{"isLast":false,"count":61175,"tableIndex":0,"percentComplete":0,"tableDone":false,"currentRowIndex":0},{"tableDone":false,"currentRowIndex":0,"tableIndex":0,"isLast":false,"count":61275,"percentComplete":0},{"percentComplete":0,"tableIndex":0,"count":61375,"tableDone":false,"currentRowIndex":0,"isLast":false},{"currentRowIndex":0,"isLast":false,"tableDone":false,"tableIndex":0,"count":61475,"percentComplete":0},{"percentComplete":0,"currentRowIndex":0,"tableIndex":0,"isLast":false,"tableDone":false,"count":61575},{"tableIndex":0,"percentComplete":0,"currentRowIndex":0,"count":61675,"tableDone":false,"isLast":false},{"tableDone":false,"tableIndex":0,"isLast":false,"percentComplete":0,"count":61775,"currentRowIndex":0},{"percentComplete":0,"tableIndex":0,"currentRowIndex":0,"isLast":false,"tableDone":false,"count":61875},{"count":61975,"currentRowIndex":0,"tableDone":false,"isLast":false,"tableIndex":0,"percentComplete":0},{"percentComplete":0,"tableDone":false,"currentRowIndex":0,"isLast":false,"tableIndex":0,"count":62075},{"tableIndex":0,"isLast":false,"count":62175,"tableDone":false,"percentComplete":0,"currentRowIndex":0},{"currentRowIndex":0,"count":62275,"tableDone":false,"tableIndex":0,"isLast":false,"percentComplete":0},{"tableIndex":0,"currentRowIndex":0,"isLast":false,"count":62375,"percentComplete":0,"tableDone":false},{"currentRowIndex":0,"tableDone":false,"count":62475,"tableIndex":0,"isLast":false,"percentComplete":0},{"percentComplete":0,"tableIndex":0,"count":62575,"currentRowIndex":0,"tableDone":false,"isLast":false},{"percentComplete":0,"tableIndex":0,"currentRowIndex":0,"isLast":false,"count":62675,"tableDone":false},{"count":62775,"isLast":false,"currentRowIndex":0,"tableDone":false,"tableIndex":0,"percentComplete":0},{"tableIndex":0,"currentRowIndex":0,"tableDone":false,"percentComplete":0,"count":62875,"isLast":false},{"isLast":false,"percentComplete":0,"tableDone":false,"currentRowIndex":0,"count":62975,"tableIndex":0},{"tableIndex":0,"currentRowIndex":0,"isLast":false,"count":63075,"tableDone":false,"percentComplete":0},{"tableDone":false,"isLast":false,"tableIndex":0,"count":63175,"percentComplete":0,"currentRowIndex":0},{"isLast":false,"tableDone":false,"percentComplete":0,"currentRowIndex":0,"count":63275,"tableIndex":0},{"currentRowIndex":0,"tableIndex":0,"tableDone":false,"isLast":false,"count":63375,"percentComplete":0},{"percentComplete":0,"tableIndex":0,"currentRowIndex":0,"tableDone":false,"isLast":false,"count":63475},{"tableIndex":0,"count":63575,"percentComplete":0,"tableDone":false,"isLast":false,"currentRowIndex":0},{"tableDone":false,"tableIndex":0,"percentComplete":0,"count":63675,"currentRowIndex":0,"isLast":false},{"percentComplete":0,"currentRowIndex":0,"isLast":false,"tableDone":false,"count":63775,"tableIndex":0},{"currentRowIndex":0,"percentComplete":0,"tableIndex":0,"tableDone":false,"isLast":false,"count":63875},{"percentComplete":0,"count":63975,"isLast":false,"currentRowIndex":0,"tableIndex":0,"tableDone":false},{"isLast":false,"percentComplete":0,"tableIndex":0,"count":64075,"tableDone":false,"currentRowIndex":0},{"tableDone":false,"tableIndex":0,"isLast":false,"count":64175,"currentRowIndex":0,"percentComplete":0},{"count":64275,"tableDone":false,"percentComplete":0,"currentRowIndex":0,"isLast":false,"tableIndex":0},{"percentComplete":0,"tableDone":false,"isLast":false,"count":64375,"tableIndex":0,"currentRowIndex":0},{"isLast":false,"count":64475,"tableDone":false,"currentRowIndex":0,"percentComplete":0,"tableIndex":0},{"currentRowIndex":0,"isLast":false,"count":64575,"tableIndex":0,"percentComplete":0,"tableDone":false},{"currentRowIndex":0,"tableIndex":0,"count":64675,"tableDone":false,"isLast":false,"percentComplete":0},{"percentComplete":0,"count":64775,"tableDone":false,"isLast":false,"tableIndex":0,"currentRowIndex":0},{"isLast":false,"count":64875,"percentComplete":0,"tableDone":false,"tableIndex":0,"currentRowIndex":0},{"percentComplete":0,"tableDone":false,"currentRowIndex":0,"count":64975,"isLast":false,"tableIndex":0},{"currentRowIndex":0,"tableDone":false,"isLast":false,"count":65075,"percentComplete":0,"tableIndex":0},{"isLast":false,"tableDone":false,"tableIndex":0,"count":65175,"percentComplete":0,"currentRowIndex":0},{"tableDone":false,"tableIndex":0,"percentComplete":0,"currentRowIndex":0,"isLast":false,"count":65275},{"tableIndex":0,"currentRowIndex":0,"count":65375,"percentComplete":0,"tableDone":false,"isLast":false},{"isLast":false,"tableIndex":0,"count":65475,"tableDone":false,"percentComplete":0,"currentRowIndex":0},{"currentRowIndex":0,"count":65575,"tableIndex":0,"tableDone":false,"isLast":false,"percentComplete":0},{"tableDone":false,"percentComplete":0,"isLast":false,"currentRowIndex":0,"tableIndex":0,"count":65675},{"currentRowIndex":0,"isLast":false,"tableIndex":0,"count":65775,"percentComplete":0,"tableDone":false},{"percentComplete":0,"currentRowIndex":0,"tableIndex":0,"tableDone":false,"isLast":false,"count":65875},{"isLast":false,"tableIndex":0,"percentComplete":0,"count":65975,"tableDone":false,"currentRowIndex":0},{"isLast":false,"percentComplete":0,"count":66075,"tableDone":false,"tableIndex":0,"currentRowIndex":0},{"currentRowIndex":0,"tableIndex":0,"isLast":false,"count":66175,"percentComplete":0,"tableDone":false},{"currentRowIndex":0,"isLast":false,"count":66275,"tableDone":false,"percentComplete":0,"tableIndex":0},{"currentRowIndex":0,"tableIndex":0,"tableDone":false,"isLast":false,"percentComplete":0,"count":66375},{"tableDone":false,"percentComplete":0,"tableIndex":0,"currentRowIndex":0,"isLast":false,"count":66475},{"currentRowIndex":0,"count":66575,"tableDone":false,"tableIndex":0,"isLast":false,"percentComplete":0},{"tableDone":false,"tableIndex":0,"percentComplete":0,"currentRowIndex":0,"count":66675,"isLast":false},{"tableDone":false,"currentRowIndex":0,"isLast":false,"percentComplete":0,"count":66775,"tableIndex":0},{"tableIndex":0,"count":66875,"percentComplete":0,"currentRowIndex":0,"tableDone":false,"isLast":false},{"count":66975,"tableIndex":0,"isLast":false,"tableDone":true,"currentRowIndex":0,"percentComplete":0}],"finishTime":"2024-10-21T23:36:06Z","checkpointMetrics":{},"trainingAccuracy":0.9096229936543486},"evaluationState":"evaluated","validationEntity":{"analysedDataType":"auto","dataResult":{"createdDate":"2024-10-21T23:34:50Z"}},"contentDataResult":{"createdDate":"2024-10-21T23:34:50Z"},"title":"TwitterSentimenta2 1","evaluationEntity":{"analysedDataType":"none","dataResult":{},"id":"800b1abf-1b7b-43fa-9c3a-994f35e17065"},"modifiedDate":"2024-10-21T23:36:15Z","settingEntity":{"textClassifierCyrillicLanguage":"automatic","iterationCount":10,"styleTransferAlgorithmType":"image","handPoseClassifierAugmentations":[],"textClassifierLatin":"automatic","textClassifierCJKLanguage":"automatic","featureNames":[],"algorithmType":"maxEnt","harVideoAugmentations":0,"taskType":"textClassifier","textClassifierScript":"latin","seedType":"default","handActionClassifierAugmentations":[],"augmentations":[]},"version":"1.0","preferredFilename":"TwitterSentimenta2 1","modelEntity":{"modifiedDate":"2024-10-21T22:47:02Z","version":"1.0","preferredFilename":"","title":"","modelURL":"Models\/TwitterSentimenta2%201.mlmodel","createdDate":"2024-10-21T22:47:02Z","id":"AF8CD990-7558-4F24-9252-44479AA89289","experimentID":"36A453B4-E93E-40B6-B860-EE58FA7184B9"},"activityEntities":["experimentCreated",[{"title":"Model Source Created","createdDate":"2024-10-21T22:47:02Z","subtitle":"TwitterSentimenta2 1","event":"experimentCreated","id":"72B08428-53C2-487E-B45F-110A483646C7"}],"trainingDataAdded",[{"subtitle":"Training Data","event":"trainingDataAdded","createdDate":"2024-10-21T23:34:50Z","title":"Training Data Added","id":"DD6DB1CF-1EAA-4A3D-8885-FF46119BC499"}],"trainingStarted",[{"subtitle":"10 iterations","createdDate":"2024-10-21T23:35:47Z","id":"D71F686A-8641-4156-9471-054717E2B15C","event":"trainingStarted","title":"Training Started"}],"evaluationStarted",[{"id":"8B2074DF-EC59-4A5C-9DDD-2344A76D4532","title":"Testing Started","createdDate":"2024-10-21T23:36:08Z","subtitle":"TwitterSentimenta2 1","event":"evaluationStarted"}],"trainingFinished",[{"createdDate":"2024-10-21T23:36:06Z","id":"CB09B2AC-5279-403A-A592-D76FC3D93325","title":"Training Completed","event":"trainingFinished","subtitle":"10 iterations"}],"evaluationFinished",[{"id":"357C20AF-163B-4E6A-A8C4-543BFE242658","title":"Testing Completed","createdDate":"2024-10-21T23:36:15Z","event":"evaluationFinished","subtitle":"TwitterSentimenta2 1"}]]}